<?xml version="1.0"?>
<!--<!DOCTYPE metadata SYSTEM "http://www.esri.com/metadata/esriprof80.dtd">-->
<metadata xml:lang="ko"><Esri><CreaDate>20171228</CreaDate><CreaTime>14250400</CreaTime><SyncOnce>FALSE</SyncOnce><SyncDate>20171108</SyncDate><SyncTime>17003800</SyncTime><ModDate>20171108</ModDate><ModTime>17003800</ModTime><DataProperties><lineage><Process ToolSource="C:\Program Files (x86)\ArcGIS\ArcToolbox\Toolboxes\Data Management Tools.tbx\Merge" Date="20171016" Time="180211">Merge D:\작업\#GGFIRE\17년9월서센터,AREA\IS_WARD_남부.shp;D:\작업\#GGFIRE\17년9월서센터,AREA\IS_WARD_북부.shp "D:\작업\#GGFIRE\17년 9월업데이트\1016\IS_WARD_M.shp" "WARD_ID 'WARD_ID' true true false 19 Double 0 19 ,First,#,D:\작업\#GGFIRE\17년9월서센터,AREA\IS_WARD_남부.shp,WARD_ID,-1,-1,D:\작업\#GGFIRE\17년9월서센터,AREA\IS_WARD_북부.shp,WARD_ID,-1,-1;UPWARD_ID 'UPWARD_ID' true true false 19 Double 0 19 ,First,#,D:\작업\#GGFIRE\17년9월서센터,AREA\IS_WARD_남부.shp,UPWARD_ID,-1,-1,D:\작업\#GGFIRE\17년9월서센터,AREA\IS_WARD_북부.shp,UPWARD_ID,-1,-1;USE_YN 'USE_YN' true true false 254 Text 0 0 ,First,#,D:\작업\#GGFIRE\17년9월서센터,AREA\IS_WARD_남부.shp,USE_YN,-1,-1,D:\작업\#GGFIRE\17년9월서센터,AREA\IS_WARD_북부.shp,USE_YN,-1,-1;WARD_NAME 'WARD_NAME' true true false 254 Text 0 0 ,First,#,D:\작업\#GGFIRE\17년9월서센터,AREA\IS_WARD_남부.shp,WARD_NAME,-1,-1,D:\작업\#GGFIRE\17년9월서센터,AREA\IS_WARD_북부.shp,WARD_NAME,-1,-1;NICK_NAME 'NICK_NAME' true true false 254 Text 0 0 ,First,#,D:\작업\#GGFIRE\17년9월서센터,AREA\IS_WARD_남부.shp,NICK_NAME,-1,-1,D:\작업\#GGFIRE\17년9월서센터,AREA\IS_WARD_북부.shp,NICK_NAME,-1,-1;ZIP_SEQ 'ZIP_SEQ' true true false 254 Text 0 0 ,First,#,D:\작업\#GGFIRE\17년9월서센터,AREA\IS_WARD_남부.shp,ZIP_SEQ,-1,-1,D:\작업\#GGFIRE\17년9월서센터,AREA\IS_WARD_북부.shp,ZIP_SEQ,-1,-1;SIDO_CD 'SIDO_CD' true true false 19 Double 0 19 ,First,#,D:\작업\#GGFIRE\17년9월서센터,AREA\IS_WARD_남부.shp,SIDO_CD,-1,-1,D:\작업\#GGFIRE\17년9월서센터,AREA\IS_WARD_북부.shp,SIDO_CD,-1,-1;GUGUN_CD 'GUGUN_CD' true true false 19 Double 0 19 ,First,#,D:\작업\#GGFIRE\17년9월서센터,AREA\IS_WARD_남부.shp,GUGUN_CD,-1,-1,D:\작업\#GGFIRE\17년9월서센터,AREA\IS_WARD_북부.shp,GUGUN_CD,-1,-1;DONG_CD 'DONG_CD' true true false 19 Double 0 19 ,First,#,D:\작업\#GGFIRE\17년9월서센터,AREA\IS_WARD_남부.shp,DONG_CD,-1,-1,D:\작업\#GGFIRE\17년9월서센터,AREA\IS_WARD_북부.shp,DONG_CD,-1,-1;RI_CD 'RI_CD' true true false 19 Double 0 19 ,First,#,D:\작업\#GGFIRE\17년9월서센터,AREA\IS_WARD_남부.shp,RI_CD,-1,-1,D:\작업\#GGFIRE\17년9월서센터,AREA\IS_WARD_북부.shp,RI_CD,-1,-1;HOUSE_NO 'HOUSE_NO' true true false 254 Text 0 0 ,First,#,D:\작업\#GGFIRE\17년9월서센터,AREA\IS_WARD_남부.shp,HOUSE_NO,-1,-1,D:\작업\#GGFIRE\17년9월서센터,AREA\IS_WARD_북부.shp,HOUSE_NO,-1,-1;ETC_ADDR 'ETC_ADDR' true true false 254 Text 0 0 ,First,#,D:\작업\#GGFIRE\17년9월서센터,AREA\IS_WARD_남부.shp,ETC_ADDR,-1,-1,D:\작업\#GGFIRE\17년9월서센터,AREA\IS_WARD_북부.shp,ETC_ADDR,-1,-1;DAY_TEL 'DAY_TEL' true true false 254 Text 0 0 ,First,#,D:\작업\#GGFIRE\17년9월서센터,AREA\IS_WARD_남부.shp,DAY_TEL,-1,-1,D:\작업\#GGFIRE\17년9월서센터,AREA\IS_WARD_북부.shp,DAY_TEL,-1,-1;NIGHT_TEL 'NIGHT_TEL' true true false 254 Text 0 0 ,First,#,D:\작업\#GGFIRE\17년9월서센터,AREA\IS_WARD_남부.shp,NIGHT_TEL,-1,-1,D:\작업\#GGFIRE\17년9월서센터,AREA\IS_WARD_북부.shp,NIGHT_TEL,-1,-1;DAY_FAX 'DAY_FAX' true true false 254 Text 0 0 ,First,#,D:\작업\#GGFIRE\17년9월서센터,AREA\IS_WARD_남부.shp,DAY_FAX,-1,-1,D:\작업\#GGFIRE\17년9월서센터,AREA\IS_WARD_북부.shp,DAY_FAX,-1,-1;NIGHT_FAX 'NIGHT_FAX' true true false 254 Text 0 0 ,First,#,D:\작업\#GGFIRE\17년9월서센터,AREA\IS_WARD_남부.shp,NIGHT_FAX,-1,-1,D:\작업\#GGFIRE\17년9월서센터,AREA\IS_WARD_북부.shp,NIGHT_FAX,-1,-1;EXT_TEL 'EXT_TEL' true true false 254 Text 0 0 ,First,#,D:\작업\#GGFIRE\17년9월서센터,AREA\IS_WARD_남부.shp,EXT_TEL,-1,-1,D:\작업\#GGFIRE\17년9월서센터,AREA\IS_WARD_북부.shp,EXT_TEL,-1,-1;REMARK 'REMARK' true true false 254 Text 0 0 ,First,#,D:\작업\#GGFIRE\17년9월서센터,AREA\IS_WARD_남부.shp,REMARK,-1,-1,D:\작업\#GGFIRE\17년9월서센터,AREA\IS_WARD_북부.shp,REMARK,-1,-1;LCHG_DTIME 'LCHG_DTIME' true true false 254 Text 0 0 ,First,#,D:\작업\#GGFIRE\17년9월서센터,AREA\IS_WARD_남부.shp,LCHG_DTIME,-1,-1,D:\작업\#GGFIRE\17년9월서센터,AREA\IS_WARD_북부.shp,LCHG_DTIME,-1,-1;LCHG_USER_ 'LCHG_USER_' true true false 254 Text 0 0 ,First,#,D:\작업\#GGFIRE\17년9월서센터,AREA\IS_WARD_남부.shp,LCHG_USER_,-1,-1,D:\작업\#GGFIRE\17년9월서센터,AREA\IS_WARD_북부.shp,LCHG_USER_,-1,-1;WARD_ORDER 'WARD_ORDER' true true false 19 Double 0 19 ,First,#,D:\작업\#GGFIRE\17년9월서센터,AREA\IS_WARD_남부.shp,WARD_ORDER,-1,-1,D:\작업\#GGFIRE\17년9월서센터,AREA\IS_WARD_북부.shp,WARD_ORDER,-1,-1;DAY_TEL_TC 'DAY_TEL_TC' true true false 254 Text 0 0 ,First,#,D:\작업\#GGFIRE\17년9월서센터,AREA\IS_WARD_남부.shp,DAY_TEL_TC,-1,-1,D:\작업\#GGFIRE\17년9월서센터,AREA\IS_WARD_북부.shp,DAY_TEL_TC,-1,-1;EXT_TEL_TC 'EXT_TEL_TC' true true false 254 Text 0 0 ,First,#,D:\작업\#GGFIRE\17년9월서센터,AREA\IS_WARD_남부.shp,EXT_TEL_TC,-1,-1,D:\작업\#GGFIRE\17년9월서센터,AREA\IS_WARD_북부.shp,EXT_TEL_TC,-1,-1;WARD_COLOR 'WARD_COLOR' true true false 19 Double 0 19 ,First,#,D:\작업\#GGFIRE\17년9월서센터,AREA\IS_WARD_남부.shp,WARD_COLOR,-1,-1,D:\작업\#GGFIRE\17년9월서센터,AREA\IS_WARD_북부.shp,WARD_COLOR,-1,-1;ADDR_TYPE 'ADDR_TYPE' true true false 19 Double 0 19 ,First,#,D:\작업\#GGFIRE\17년9월서센터,AREA\IS_WARD_남부.shp,ADDR_TYPE,-1,-1,D:\작업\#GGFIRE\17년9월서센터,AREA\IS_WARD_북부.shp,ADDR_TYPE,-1,-1;RN_CD 'RN_CD' true true false 254 Text 0 0 ,First,#,D:\작업\#GGFIRE\17년9월서센터,AREA\IS_WARD_남부.shp,RN_CD,-1,-1,D:\작업\#GGFIRE\17년9월서센터,AREA\IS_WARD_북부.shp,RN_CD,-1,-1;EMD_SN 'EMD_SN' true true false 254 Text 0 0 ,First,#,D:\작업\#GGFIRE\17년9월서센터,AREA\IS_WARD_남부.shp,EMD_SN,-1,-1,D:\작업\#GGFIRE\17년9월서센터,AREA\IS_WARD_북부.shp,EMD_SN,-1,-1;UNDGRD_FG 'UNDGRD_FG' true true false 254 Text 0 0 ,First,#,D:\작업\#GGFIRE\17년9월서센터,AREA\IS_WARD_남부.shp,UNDGRD_FG,-1,-1,D:\작업\#GGFIRE\17년9월서센터,AREA\IS_WARD_북부.shp,UNDGRD_FG,-1,-1;BULD_MNNM 'BULD_MNNM' true true false 254 Text 0 0 ,First,#,D:\작업\#GGFIRE\17년9월서센터,AREA\IS_WARD_남부.shp,BULD_MNNM,-1,-1,D:\작업\#GGFIRE\17년9월서센터,AREA\IS_WARD_북부.shp,BULD_MNNM,-1,-1;BULD_SLNO 'BULD_SLNO' true true false 254 Text 0 0 ,First,#,D:\작업\#GGFIRE\17년9월서센터,AREA\IS_WARD_남부.shp,BULD_SLNO,-1,-1,D:\작업\#GGFIRE\17년9월서센터,AREA\IS_WARD_북부.shp,BULD_SLNO,-1,-1;CDN_X 'CDN_X' true true false 19 Double 0 19 ,First,#,D:\작업\#GGFIRE\17년9월서센터,AREA\IS_WARD_남부.shp,CDN_X,-1,-1,D:\작업\#GGFIRE\17년9월서센터,AREA\IS_WARD_북부.shp,CDN_X,-1,-1;CDN_Y 'CDN_Y' true true false 19 Double 0 19 ,First,#,D:\작업\#GGFIRE\17년9월서센터,AREA\IS_WARD_남부.shp,CDN_Y,-1,-1,D:\작업\#GGFIRE\17년9월서센터,AREA\IS_WARD_북부.shp,CDN_Y,-1,-1;D_SEOWARD_ 'D_SEOWARD_' true true false 7 Text 0 0 ,First,#,D:\작업\#GGFIRE\17년9월서센터,AREA\IS_WARD_남부.shp,D_SEOWARD_,-1,-1,D:\작업\#GGFIRE\17년9월서센터,AREA\IS_WARD_북부.shp,D_SEOWARD_,-1,-1;TYPE_CLS_C 'TYPE_CLS_C' true true false 10 Text 0 0 ,First,#,D:\작업\#GGFIRE\17년9월서센터,AREA\IS_WARD_남부.shp,TYPE_CLS_C,-1,-1,D:\작업\#GGFIRE\17년9월서센터,AREA\IS_WARD_북부.shp,TYPE_CLS_C,-1,-1;WORK_TYPE_ 'WORK_TYPE_' true true false 10 Text 0 0 ,First,#,D:\작업\#GGFIRE\17년9월서센터,AREA\IS_WARD_남부.shp,WORK_TYPE_,-1,-1,D:\작업\#GGFIRE\17년9월서센터,AREA\IS_WARD_북부.shp,WORK_TYPE_,-1,-1;DSP_GROUP_ 'DSP_GROUP_' true true false 1 Text 0 0 ,First,#,D:\작업\#GGFIRE\17년9월서센터,AREA\IS_WARD_남부.shp,DSP_GROUP_,-1,-1,D:\작업\#GGFIRE\17년9월서센터,AREA\IS_WARD_북부.shp,DSP_GROUP_,-1,-1;AUTO_LIST_ 'AUTO_LIST_' true true false 1 Text 0 0 ,First,#,D:\작업\#GGFIRE\17년9월서센터,AREA\IS_WARD_남부.shp,AUTO_LIST_,-1,-1,D:\작업\#GGFIRE\17년9월서센터,AREA\IS_WARD_북부.shp,AUTO_LIST_,-1,-1;WARDOPEN_D 'WARDOPEN_D' true true false 8 Text 0 0 ,First,#,D:\작업\#GGFIRE\17년9월서센터,AREA\IS_WARD_남부.shp,WARDOPEN_D,-1,-1,D:\작업\#GGFIRE\17년9월서센터,AREA\IS_WARD_북부.shp,WARDOPEN_D,-1,-1;WARDCLOSE_ 'WARDCLOSE_' true true false 8 Text 0 0 ,First,#,D:\작업\#GGFIRE\17년9월서센터,AREA\IS_WARD_남부.shp,WARDCLOSE_,-1,-1,D:\작업\#GGFIRE\17년9월서센터,AREA\IS_WARD_북부.shp,WARDCLOSE_,-1,-1;WARDOPEN_Y 'WARDOPEN_Y' true true false 1 Text 0 0 ,First,#,D:\작업\#GGFIRE\17년9월서센터,AREA\IS_WARD_남부.shp,WARDOPEN_Y,-1,-1,D:\작업\#GGFIRE\17년9월서센터,AREA\IS_WARD_북부.shp,WARDOPEN_Y,-1,-1;BRD_USING_ 'BRD_USING_' true true false 1 Text 0 0 ,First,#,D:\작업\#GGFIRE\17년9월서센터,AREA\IS_WARD_남부.shp,BRD_USING_,-1,-1,D:\작업\#GGFIRE\17년9월서센터,AREA\IS_WARD_북부.shp,BRD_USING_,-1,-1;NIGHT_TEL_ 'NIGHT_TEL_' true true false 1 Text 0 0 ,First,#,D:\작업\#GGFIRE\17년9월서센터,AREA\IS_WARD_남부.shp,NIGHT_TEL_,-1,-1,D:\작업\#GGFIRE\17년9월서센터,AREA\IS_WARD_북부.shp,NIGHT_TEL_,-1,-1;RN_ETC_ADD 'RN_ETC_ADD' true true false 100 Text 0 0 ,First,#,D:\작업\#GGFIRE\17년9월서센터,AREA\IS_WARD_남부.shp,RN_ETC_ADD,-1,-1,D:\작업\#GGFIRE\17년9월서센터,AREA\IS_WARD_북부.shp,RN_ETC_ADD,-1,-1;CMD_PORT_I 'CMD_PORT_I' true true false 1 Text 0 0 ,First,#,D:\작업\#GGFIRE\17년9월서센터,AREA\IS_WARD_남부.shp,CMD_PORT_I,-1,-1,D:\작업\#GGFIRE\17년9월서센터,AREA\IS_WARD_북부.shp,CMD_PORT_I,-1,-1;SIDO_TYPE 'SIDO_TYPE' true true false 1 Text 0 0 ,First,#,D:\작업\#GGFIRE\17년9월서센터,AREA\IS_WARD_남부.shp,SIDO_TYPE,-1,-1,D:\작업\#GGFIRE\17년9월서센터,AREA\IS_WARD_북부.shp,SIDO_TYPE,-1,-1;OBJECTID 'OBJECTID' true true false 254 Text 0 0 ,First,#,D:\작업\#GGFIRE\17년9월서센터,AREA\IS_WARD_북부.shp,OBJECTID,-1,-1;GEOM 'GEOM' true true false 254 Text 0 0 ,First,#,D:\작업\#GGFIRE\17년9월서센터,AREA\IS_WARD_북부.shp,GEOM,-1,-1"</Process><Process ToolSource="C:\Program Files (x86)\ArcGIS\ArcToolbox\Toolboxes\Conversion Tools.tbx\FeatureClassToFeatureClass" Date="20171108" Time="170038">FeatureClassToFeatureClass "C:\#GGFIRE\9월 최종\base\IS_WARD.shp" C:\#GGFIRE\#BASE.gdb IS_WARD # "OBJECTID_1 'OBJECTID_1' true true false 9 Long 0 9 ,First,#,C:\#GGFIRE\9월 최종\base\IS_WARD.shp,OBJECTID_1,-1,-1;WARD_ID 'WARD_ID' true true false 19 Double 0 0 ,First,#,C:\#GGFIRE\9월 최종\base\IS_WARD.shp,WARD_ID,-1,-1;UPWARD_ID 'UPWARD_ID' true true false 19 Double 0 0 ,First,#,C:\#GGFIRE\9월 최종\base\IS_WARD.shp,UPWARD_ID,-1,-1;USE_YN 'USE_YN' true true false 254 Text 0 0 ,First,#,C:\#GGFIRE\9월 최종\base\IS_WARD.shp,USE_YN,-1,-1;WARD_NAME 'WARD_NAME' true true false 254 Text 0 0 ,First,#,C:\#GGFIRE\9월 최종\base\IS_WARD.shp,WARD_NAME,-1,-1;NICK_NAME 'NICK_NAME' true true false 254 Text 0 0 ,First,#,C:\#GGFIRE\9월 최종\base\IS_WARD.shp,NICK_NAME,-1,-1;ZIP_SEQ 'ZIP_SEQ' true true false 254 Text 0 0 ,First,#,C:\#GGFIRE\9월 최종\base\IS_WARD.shp,ZIP_SEQ,-1,-1;SIDO_CD 'SIDO_CD' true true false 19 Double 0 0 ,First,#,C:\#GGFIRE\9월 최종\base\IS_WARD.shp,SIDO_CD,-1,-1;GUGUN_CD 'GUGUN_CD' true true false 19 Double 0 0 ,First,#,C:\#GGFIRE\9월 최종\base\IS_WARD.shp,GUGUN_CD,-1,-1;DONG_CD 'DONG_CD' true true false 19 Double 0 0 ,First,#,C:\#GGFIRE\9월 최종\base\IS_WARD.shp,DONG_CD,-1,-1;RI_CD 'RI_CD' true true false 19 Double 0 0 ,First,#,C:\#GGFIRE\9월 최종\base\IS_WARD.shp,RI_CD,-1,-1;HOUSE_NO 'HOUSE_NO' true true false 254 Text 0 0 ,First,#,C:\#GGFIRE\9월 최종\base\IS_WARD.shp,HOUSE_NO,-1,-1;ETC_ADDR 'ETC_ADDR' true true false 254 Text 0 0 ,First,#,C:\#GGFIRE\9월 최종\base\IS_WARD.shp,ETC_ADDR,-1,-1;DAY_TEL 'DAY_TEL' true true false 254 Text 0 0 ,First,#,C:\#GGFIRE\9월 최종\base\IS_WARD.shp,DAY_TEL,-1,-1;NIGHT_TEL 'NIGHT_TEL' true true false 254 Text 0 0 ,First,#,C:\#GGFIRE\9월 최종\base\IS_WARD.shp,NIGHT_TEL,-1,-1;DAY_FAX 'DAY_FAX' true true false 254 Text 0 0 ,First,#,C:\#GGFIRE\9월 최종\base\IS_WARD.shp,DAY_FAX,-1,-1;NIGHT_FAX 'NIGHT_FAX' true true false 254 Text 0 0 ,First,#,C:\#GGFIRE\9월 최종\base\IS_WARD.shp,NIGHT_FAX,-1,-1;EXT_TEL 'EXT_TEL' true true false 254 Text 0 0 ,First,#,C:\#GGFIRE\9월 최종\base\IS_WARD.shp,EXT_TEL,-1,-1;REMARK 'REMARK' true true false 254 Text 0 0 ,First,#,C:\#GGFIRE\9월 최종\base\IS_WARD.shp,REMARK,-1,-1;LCHG_DTIME 'LCHG_DTIME' true true false 254 Text 0 0 ,First,#,C:\#GGFIRE\9월 최종\base\IS_WARD.shp,LCHG_DTIME,-1,-1;LCHG_USER_ 'LCHG_USER_' true true false 254 Text 0 0 ,First,#,C:\#GGFIRE\9월 최종\base\IS_WARD.shp,LCHG_USER_,-1,-1;WARD_ORDER 'WARD_ORDER' true true false 19 Double 0 0 ,First,#,C:\#GGFIRE\9월 최종\base\IS_WARD.shp,WARD_ORDER,-1,-1;DAY_TEL_TC 'DAY_TEL_TC' true true false 254 Text 0 0 ,First,#,C:\#GGFIRE\9월 최종\base\IS_WARD.shp,DAY_TEL_TC,-1,-1;EXT_TEL_TC 'EXT_TEL_TC' true true false 254 Text 0 0 ,First,#,C:\#GGFIRE\9월 최종\base\IS_WARD.shp,EXT_TEL_TC,-1,-1;WARD_COLOR 'WARD_COLOR' true true false 19 Double 0 0 ,First,#,C:\#GGFIRE\9월 최종\base\IS_WARD.shp,WARD_COLOR,-1,-1;ADDR_TYPE 'ADDR_TYPE' true true false 19 Double 0 0 ,First,#,C:\#GGFIRE\9월 최종\base\IS_WARD.shp,ADDR_TYPE,-1,-1;RN_CD 'RN_CD' true true false 254 Text 0 0 ,First,#,C:\#GGFIRE\9월 최종\base\IS_WARD.shp,RN_CD,-1,-1;EMD_SN 'EMD_SN' true true false 254 Text 0 0 ,First,#,C:\#GGFIRE\9월 최종\base\IS_WARD.shp,EMD_SN,-1,-1;UNDGRD_FG 'UNDGRD_FG' true true false 254 Text 0 0 ,First,#,C:\#GGFIRE\9월 최종\base\IS_WARD.shp,UNDGRD_FG,-1,-1;BULD_MNNM 'BULD_MNNM' true true false 254 Text 0 0 ,First,#,C:\#GGFIRE\9월 최종\base\IS_WARD.shp,BULD_MNNM,-1,-1;BULD_SLNO 'BULD_SLNO' true true false 254 Text 0 0 ,First,#,C:\#GGFIRE\9월 최종\base\IS_WARD.shp,BULD_SLNO,-1,-1;CDN_X 'CDN_X' true true false 19 Double 0 0 ,First,#,C:\#GGFIRE\9월 최종\base\IS_WARD.shp,CDN_X,-1,-1;CDN_Y 'CDN_Y' true true false 19 Double 0 0 ,First,#,C:\#GGFIRE\9월 최종\base\IS_WARD.shp,CDN_Y,-1,-1;D_SEOWARD_ 'D_SEOWARD_' true true false 7 Text 0 0 ,First,#,C:\#GGFIRE\9월 최종\base\IS_WARD.shp,D_SEOWARD_,-1,-1;TYPE_CLS_C 'TYPE_CLS_C' true true false 10 Text 0 0 ,First,#,C:\#GGFIRE\9월 최종\base\IS_WARD.shp,TYPE_CLS_C,-1,-1;WORK_TYPE_ 'WORK_TYPE_' true true false 10 Text 0 0 ,First,#,C:\#GGFIRE\9월 최종\base\IS_WARD.shp,WORK_TYPE_,-1,-1;DSP_GROUP_ 'DSP_GROUP_' true true false 1 Text 0 0 ,First,#,C:\#GGFIRE\9월 최종\base\IS_WARD.shp,DSP_GROUP_,-1,-1;AUTO_LIST_ 'AUTO_LIST_' true true false 1 Text 0 0 ,First,#,C:\#GGFIRE\9월 최종\base\IS_WARD.shp,AUTO_LIST_,-1,-1;WARDOPEN_D 'WARDOPEN_D' true true false 8 Text 0 0 ,First,#,C:\#GGFIRE\9월 최종\base\IS_WARD.shp,WARDOPEN_D,-1,-1;WARDCLOSE_ 'WARDCLOSE_' true true false 8 Text 0 0 ,First,#,C:\#GGFIRE\9월 최종\base\IS_WARD.shp,WARDCLOSE_,-1,-1;WARDOPEN_Y 'WARDOPEN_Y' true true false 1 Text 0 0 ,First,#,C:\#GGFIRE\9월 최종\base\IS_WARD.shp,WARDOPEN_Y,-1,-1;BRD_USING_ 'BRD_USING_' true true false 1 Text 0 0 ,First,#,C:\#GGFIRE\9월 최종\base\IS_WARD.shp,BRD_USING_,-1,-1;NIGHT_TEL_ 'NIGHT_TEL_' true true false 1 Text 0 0 ,First,#,C:\#GGFIRE\9월 최종\base\IS_WARD.shp,NIGHT_TEL_,-1,-1;RN_ETC_ADD 'RN_ETC_ADD' true true false 100 Text 0 0 ,First,#,C:\#GGFIRE\9월 최종\base\IS_WARD.shp,RN_ETC_ADD,-1,-1;CMD_PORT_I 'CMD_PORT_I' true true false 1 Text 0 0 ,First,#,C:\#GGFIRE\9월 최종\base\IS_WARD.shp,CMD_PORT_I,-1,-1;SIDO_TYPE 'SIDO_TYPE' true true false 1 Text 0 0 ,First,#,C:\#GGFIRE\9월 최종\base\IS_WARD.shp,SIDO_TYPE,-1,-1;OBJECTID 'OBJECTID' true true false 254 Text 0 0 ,First,#,C:\#GGFIRE\9월 최종\base\IS_WARD.shp,OBJECTID,-1,-1;GEOM 'GEOM' true true false 254 Text 0 0 ,First,#,C:\#GGFIRE\9월 최종\base\IS_WARD.shp,GEOM,-1,-1" # C:\#GGFIRE\#BASE.gdb\IS_WARD</Process><Process ToolSource="C:\Program Files (x86)\ArcGIS\ArcToolbox\Toolboxes\Data Management Tools.tbx\Project" Date="20171116" Time="171541">Project IS_WARD_Project D:\작업\#GGFIRE\171120_경기남부업데이트\최종\IS_WARD.shp PROJCS['ITRF2000[GRS80-127_60만]',GEOGCS['GCS_ITRF_2000',DATUM['D_ITRF_2000',SPHEROID['GRS_1980',6378137.0,298.257222101]],PRIMEM['Greenwich',0.0],UNIT['Degree',0.0174532925199433]],PROJECTION['Transverse_Mercator'],PARAMETER['False_Easting',200000.0],PARAMETER['False_Northing',600000.0],PARAMETER['Central_Meridian',127.0],PARAMETER['Scale_Factor',1.0],PARAMETER['Latitude_Of_Origin',38.0],UNIT['Meter',1.0]] # PROJCS['ITRF2000[GRS80-127_50만]',GEOGCS['GCS_ITRF_2000',DATUM['D_ITRF_2000',SPHEROID['GRS_1980',6378137.0,298.257222101]],PRIMEM['Greenwich',0.0],UNIT['Degree',0.0174532925199433]],PROJECTION['Transverse_Mercator'],PARAMETER['False_Easting',200000.0],PARAMETER['False_Northing',500000.0],PARAMETER['Central_Meridian',127.0],PARAMETER['Scale_Factor',1.0],PARAMETER['Latitude_Of_Origin',38.0],UNIT['Meter',1.0]]</Process><Process ToolSource="c:\program files (x86)\arcgis\desktop10.5\ArcToolbox\Toolboxes\Data Management Tools.tbx\CalculateField" Date="20171228" Time="142333">CalculateField IS_WARD CDN_X Round( [CDN_X],1) VB #</Process><Process ToolSource="c:\program files (x86)\arcgis\desktop10.5\ArcToolbox\Toolboxes\Data Management Tools.tbx\CalculateField" Date="20171228" Time="142410">CalculateField IS_WARD CDN_Y Round( [CDN_Y],1) VB #</Process></lineage><itemProps><itemName Sync="TRUE">IS_WARD</itemName><imsContentType Sync="TRUE">002</imsContentType><itemLocation><linkage Sync="TRUE">file://\\KRS_HOME\C$\#GGFIRE\#BASE.gdb</linkage><protocol Sync="TRUE">Local Area Network</protocol></itemLocation></itemProps></DataProperties><ArcGISFormat>1.0</ArcGISFormat></Esri><idinfo><native Sync="TRUE">Microsoft Windows Vista Version 6.1 (Build 7601) Service Pack 1; ESRI ArcCatalog 9.3.1.4000</native><descript><langdata Sync="TRUE">ko</langdata><abstract>REQUIRED: A brief narrative summary of the data set.</abstract><purpose>REQUIRED: A summary of the intentions with which the data set was developed.</purpose></descript><citation><citeinfo><origin>REQUIRED: The name of an organization or individual that developed the data set.</origin><pubdate>REQUIRED: The date when the data set is published or otherwise made available for release.</pubdate><title Sync="TRUE">IS_WARD</title><ftname Sync="TRUE">IS_WARD</ftname><geoform Sync="TRUE">vector digital data</geoform><onlink Sync="TRUE"></onlink></citeinfo></citation><timeperd><current>REQUIRED: The basis on which the time period of content information is determined.</current><timeinfo><sngdate><caldate>REQUIRED: The year (and optionally month, or month and day) for which the data set corresponds to the ground.</caldate></sngdate></timeinfo></timeperd><status><progress>REQUIRED: The state of the data set.</progress><update>REQUIRED: The frequency with which changes and additions are made to the data set after the initial data set is completed.</update></status><spdom><bounding><westbc Sync="TRUE">REQUIRED: Western-most coordinate of the limit of coverage expressed in longitude.</westbc><eastbc Sync="TRUE">REQUIRED: Eastern-most coordinate of the limit of coverage expressed in longitude.</eastbc><northbc Sync="TRUE">REQUIRED: Northern-most coordinate of the limit of coverage expressed in latitude.</northbc><southbc Sync="TRUE">REQUIRED: Southern-most coordinate of the limit of coverage expressed in latitude.</southbc></bounding></spdom><keywords><theme><themekt>REQUIRED: Reference to a formally registered thesaurus or a similar authoritative source of theme keywords.</themekt><themekey>REQUIRED: Common-use word or phrase used to describe the subject of the data set.</themekey></theme></keywords><accconst>REQUIRED: Restrictions and legal prerequisites for accessing the data set.</accconst><useconst>REQUIRED: Restrictions and legal prerequisites for using the data set after access is granted.</useconst><natvform Sync="TRUE">File Geodatabase Feature Class</natvform></idinfo><dataIdInfo><envirDesc Sync="TRUE">Microsoft Windows Vista Version 6.1 (Build 7601) Service Pack 1; ESRI ArcCatalog 9.3.1.4000</envirDesc><dataLang><languageCode Sync="TRUE" value="ko"></languageCode><countryCode value="KOR" Sync="TRUE"></countryCode></dataLang><idCitation><resTitle Sync="TRUE">IS_WARD</resTitle><presForm><PresFormCd Sync="TRUE" value="005"></PresFormCd></presForm></idCitation><spatRpType><SpatRepTypCd Sync="TRUE" value="001"></SpatRepTypCd></spatRpType></dataIdInfo><metainfo><langmeta Sync="TRUE">ko</langmeta><metstdn Sync="TRUE">FGDC Content Standards for Digital Geospatial Metadata</metstdn><metstdv Sync="TRUE">FGDC-STD-001-1998</metstdv><mettc Sync="TRUE">local time</mettc><metc><cntinfo><cntorgp><cntper>REQUIRED: The person responsible for the metadata information.</cntper><cntorg>REQUIRED: The organization responsible for the metadata information.</cntorg></cntorgp><cntaddr><addrtype>REQUIRED: The mailing and/or physical address for the organization or individual.</addrtype><city>REQUIRED: The city of the address.</city><state>REQUIRED: The state or province of the address.</state><postal>REQUIRED: The ZIP or other postal code of the address.</postal></cntaddr><cntvoice>REQUIRED: The telephone number by which individuals can speak to the organization or individual.</cntvoice></cntinfo></metc><metd Sync="TRUE">20171108</metd><metextns><onlink Sync="TRUE">http://www.esri.com/metadata/esriprof80.html</onlink><metprof Sync="TRUE">ESRI Metadata Profile</metprof></metextns></metainfo><mdLang><languageCode Sync="TRUE" value="ko"></languageCode><countryCode value="KOR" Sync="TRUE"></countryCode></mdLang><mdStanName Sync="TRUE">ISO 19115 Geographic Information - Metadata</mdStanName><mdStanVer Sync="TRUE">DIS_ESRI1.0</mdStanVer><mdChar><CharSetCd Sync="TRUE" value="004"></CharSetCd></mdChar><mdHrLv><ScopeCd Sync="TRUE" value="005"></ScopeCd></mdHrLv><mdHrLvName Sync="TRUE">dataset</mdHrLvName><distinfo><resdesc Sync="TRUE">Downloadable Data</resdesc><stdorder><digform><digtinfo><transize Sync="TRUE">0.000</transize><dssize Sync="TRUE">0.000</dssize></digtinfo></digform></stdorder></distinfo><distInfo><distributor><distorTran><onLineSrc><orDesc Sync="TRUE">002</orDesc><linkage Sync="TRUE">file://</linkage><protocol Sync="TRUE">Local Area Network</protocol></onLineSrc><transSize Sync="TRUE">0.000</transSize></distorTran><distorFormat><formatName Sync="TRUE">File Geodatabase Feature Class</formatName></distorFormat></distributor><distFormat><formatName Sync="TRUE">File Geodatabase Feature Class</formatName></distFormat></distInfo><spdoinfo><direct Sync="TRUE">Vector</direct><ptvctinf><esriterm Name="IS_WARD"><efeatyp Sync="TRUE">Simple</efeatyp><efeageom code="1" Sync="TRUE">Point</efeageom><esritopo Sync="TRUE">FALSE</esritopo><efeacnt Sync="TRUE">0</efeacnt><spindex Sync="TRUE">TRUE</spindex><linrefer Sync="TRUE">FALSE</linrefer></esriterm><sdtsterm Name="IS_WARD"><sdtstype Sync="TRUE">Entity point</sdtstype><ptvctcnt Sync="TRUE">0</ptvctcnt></sdtsterm></ptvctinf></spdoinfo><spatRepInfo><VectSpatRep><topLvl><TopoLevCd value="001" Sync="TRUE"></TopoLevCd></topLvl><geometObjs Name="IS_WARD"><geoObjTyp><GeoObjTypCd Sync="TRUE" value="004"></GeoObjTypCd></geoObjTyp><geoObjCnt Sync="TRUE">0</geoObjCnt></geometObjs></VectSpatRep></spatRepInfo><eainfo><detailed Name="IS_WARD"><enttyp><enttypl Sync="TRUE">IS_WARD</enttypl><enttypt Sync="TRUE">Feature Class</enttypt><enttypc Sync="TRUE">0</enttypc></enttyp><attr><attrlabl Sync="TRUE">OBJECTID_12</attrlabl><attalias Sync="TRUE">OBJECTID_12</attalias><attrtype Sync="TRUE">OID</attrtype><attwidth Sync="TRUE">4</attwidth><atprecis Sync="TRUE">0</atprecis><attscale Sync="TRUE">0</attscale><attrdef Sync="TRUE">Internal feature number.</attrdef><attrdefs Sync="TRUE">ESRI</attrdefs><attrdomv><udom Sync="TRUE">Sequential unique whole numbers that are automatically generated.</udom></attrdomv></attr><attr><attrlabl Sync="TRUE">OBJECTID_1</attrlabl><attalias Sync="TRUE">OBJECTID_1</attalias><attrtype Sync="TRUE">Integer</attrtype><attwidth Sync="TRUE">4</attwidth><atprecis Sync="TRUE">0</atprecis><attscale Sync="TRUE">0</attscale><attrdef Sync="TRUE">Internal feature number.</attrdef><attrdefs Sync="TRUE">Esri</attrdefs><attrdomv><udom Sync="TRUE">Sequential unique whole numbers that are automatically generated.</udom></attrdomv></attr><attr><attrlabl Sync="TRUE">Shape</attrlabl><attalias Sync="TRUE">Shape</attalias><attrtype Sync="TRUE">Geometry</attrtype><attwidth Sync="TRUE">0</attwidth><atprecis Sync="TRUE">0</atprecis><attscale Sync="TRUE">0</attscale><attrdef Sync="TRUE">Feature geometry.</attrdef><attrdefs Sync="TRUE">ESRI</attrdefs><attrdomv><udom Sync="TRUE">Coordinates defining the features.</udom></attrdomv></attr><attr><attrlabl Sync="TRUE">WARD_ID</attrlabl><attalias Sync="TRUE">WARD_ID</attalias><attrtype Sync="TRUE">Double</attrtype><attwidth Sync="TRUE">8</attwidth><atprecis Sync="TRUE">0</atprecis><attscale Sync="TRUE">0</attscale></attr><attr><attrlabl Sync="TRUE">UPWARD_ID</attrlabl><attalias Sync="TRUE">UPWARD_ID</attalias><attrtype Sync="TRUE">Double</attrtype><attwidth Sync="TRUE">8</attwidth><atprecis Sync="TRUE">0</atprecis><attscale Sync="TRUE">0</attscale></attr><attr><attrlabl Sync="TRUE">USE_YN</attrlabl><attalias Sync="TRUE">USE_YN</attalias><attrtype Sync="TRUE">String</attrtype><attwidth Sync="TRUE">254</attwidth><atprecis Sync="TRUE">0</atprecis><attscale Sync="TRUE">0</attscale></attr><attr><attrlabl Sync="TRUE">WARD_NAME</attrlabl><attalias Sync="TRUE">WARD_NAME</attalias><attrtype Sync="TRUE">String</attrtype><attwidth Sync="TRUE">254</attwidth><atprecis Sync="TRUE">0</atprecis><attscale Sync="TRUE">0</attscale></attr><attr><attrlabl Sync="TRUE">NICK_NAME</attrlabl><attalias Sync="TRUE">NICK_NAME</attalias><attrtype Sync="TRUE">String</attrtype><attwidth Sync="TRUE">254</attwidth><atprecis Sync="TRUE">0</atprecis><attscale Sync="TRUE">0</attscale></attr><attr><attrlabl Sync="TRUE">ZIP_SEQ</attrlabl><attalias Sync="TRUE">ZIP_SEQ</attalias><attrtype Sync="TRUE">String</attrtype><attwidth Sync="TRUE">254</attwidth><atprecis Sync="TRUE">0</atprecis><attscale Sync="TRUE">0</attscale></attr><attr><attrlabl Sync="TRUE">SIDO_CD</attrlabl><attalias Sync="TRUE">SIDO_CD</attalias><attrtype Sync="TRUE">Double</attrtype><attwidth Sync="TRUE">8</attwidth><atprecis Sync="TRUE">0</atprecis><attscale Sync="TRUE">0</attscale></attr><attr><attrlabl Sync="TRUE">GUGUN_CD</attrlabl><attalias Sync="TRUE">GUGUN_CD</attalias><attrtype Sync="TRUE">Double</attrtype><attwidth Sync="TRUE">8</attwidth><atprecis Sync="TRUE">0</atprecis><attscale Sync="TRUE">0</attscale></attr><attr><attrlabl Sync="TRUE">DONG_CD</attrlabl><attalias Sync="TRUE">DONG_CD</attalias><attrtype Sync="TRUE">Double</attrtype><attwidth Sync="TRUE">8</attwidth><atprecis Sync="TRUE">0</atprecis><attscale Sync="TRUE">0</attscale></attr><attr><attrlabl Sync="TRUE">RI_CD</attrlabl><attalias Sync="TRUE">RI_CD</attalias><attrtype Sync="TRUE">Double</attrtype><attwidth Sync="TRUE">8</attwidth><atprecis Sync="TRUE">0</atprecis><attscale Sync="TRUE">0</attscale></attr><attr><attrlabl Sync="TRUE">HOUSE_NO</attrlabl><attalias Sync="TRUE">HOUSE_NO</attalias><attrtype Sync="TRUE">String</attrtype><attwidth Sync="TRUE">254</attwidth><atprecis Sync="TRUE">0</atprecis><attscale Sync="TRUE">0</attscale></attr><attr><attrlabl Sync="TRUE">ETC_ADDR</attrlabl><attalias Sync="TRUE">ETC_ADDR</attalias><attrtype Sync="TRUE">String</attrtype><attwidth Sync="TRUE">254</attwidth><atprecis Sync="TRUE">0</atprecis><attscale Sync="TRUE">0</attscale></attr><attr><attrlabl Sync="TRUE">DAY_TEL</attrlabl><attalias Sync="TRUE">DAY_TEL</attalias><attrtype Sync="TRUE">String</attrtype><attwidth Sync="TRUE">254</attwidth><atprecis Sync="TRUE">0</atprecis><attscale Sync="TRUE">0</attscale></attr><attr><attrlabl Sync="TRUE">NIGHT_TEL</attrlabl><attalias Sync="TRUE">NIGHT_TEL</attalias><attrtype Sync="TRUE">String</attrtype><attwidth Sync="TRUE">254</attwidth><atprecis Sync="TRUE">0</atprecis><attscale Sync="TRUE">0</attscale></attr><attr><attrlabl Sync="TRUE">DAY_FAX</attrlabl><attalias Sync="TRUE">DAY_FAX</attalias><attrtype Sync="TRUE">String</attrtype><attwidth Sync="TRUE">254</attwidth><atprecis Sync="TRUE">0</atprecis><attscale Sync="TRUE">0</attscale></attr><attr><attrlabl Sync="TRUE">NIGHT_FAX</attrlabl><attalias Sync="TRUE">NIGHT_FAX</attalias><attrtype Sync="TRUE">String</attrtype><attwidth Sync="TRUE">254</attwidth><atprecis Sync="TRUE">0</atprecis><attscale Sync="TRUE">0</attscale></attr><attr><attrlabl Sync="TRUE">EXT_TEL</attrlabl><attalias Sync="TRUE">EXT_TEL</attalias><attrtype Sync="TRUE">String</attrtype><attwidth Sync="TRUE">254</attwidth><atprecis Sync="TRUE">0</atprecis><attscale Sync="TRUE">0</attscale></attr><attr><attrlabl Sync="TRUE">REMARK</attrlabl><attalias Sync="TRUE">REMARK</attalias><attrtype Sync="TRUE">String</attrtype><attwidth Sync="TRUE">254</attwidth><atprecis Sync="TRUE">0</atprecis><attscale Sync="TRUE">0</attscale></attr><attr><attrlabl Sync="TRUE">LCHG_DTIME</attrlabl><attalias Sync="TRUE">LCHG_DTIME</attalias><attrtype Sync="TRUE">String</attrtype><attwidth Sync="TRUE">254</attwidth><atprecis Sync="TRUE">0</atprecis><attscale Sync="TRUE">0</attscale></attr><attr><attrlabl Sync="TRUE">LCHG_USER_</attrlabl><attalias Sync="TRUE">LCHG_USER_</attalias><attrtype Sync="TRUE">String</attrtype><attwidth Sync="TRUE">254</attwidth><atprecis Sync="TRUE">0</atprecis><attscale Sync="TRUE">0</attscale></attr><attr><attrlabl Sync="TRUE">WARD_ORDER</attrlabl><attalias Sync="TRUE">WARD_ORDER</attalias><attrtype Sync="TRUE">Double</attrtype><attwidth Sync="TRUE">8</attwidth><atprecis Sync="TRUE">0</atprecis><attscale Sync="TRUE">0</attscale></attr><attr><attrlabl Sync="TRUE">DAY_TEL_TC</attrlabl><attalias Sync="TRUE">DAY_TEL_TC</attalias><attrtype Sync="TRUE">String</attrtype><attwidth Sync="TRUE">254</attwidth><atprecis Sync="TRUE">0</atprecis><attscale Sync="TRUE">0</attscale></attr><attr><attrlabl Sync="TRUE">EXT_TEL_TC</attrlabl><attalias Sync="TRUE">EXT_TEL_TC</attalias><attrtype Sync="TRUE">String</attrtype><attwidth Sync="TRUE">254</attwidth><atprecis Sync="TRUE">0</atprecis><attscale Sync="TRUE">0</attscale></attr><attr><attrlabl Sync="TRUE">WARD_COLOR</attrlabl><attalias Sync="TRUE">WARD_COLOR</attalias><attrtype Sync="TRUE">Double</attrtype><attwidth Sync="TRUE">8</attwidth><atprecis Sync="TRUE">0</atprecis><attscale Sync="TRUE">0</attscale></attr><attr><attrlabl Sync="TRUE">ADDR_TYPE</attrlabl><attalias Sync="TRUE">ADDR_TYPE</attalias><attrtype Sync="TRUE">Double</attrtype><attwidth Sync="TRUE">8</attwidth><atprecis Sync="TRUE">0</atprecis><attscale Sync="TRUE">0</attscale></attr><attr><attrlabl Sync="TRUE">RN_CD</attrlabl><attalias Sync="TRUE">RN_CD</attalias><attrtype Sync="TRUE">String</attrtype><attwidth Sync="TRUE">254</attwidth><atprecis Sync="TRUE">0</atprecis><attscale Sync="TRUE">0</attscale></attr><attr><attrlabl Sync="TRUE">EMD_SN</attrlabl><attalias Sync="TRUE">EMD_SN</attalias><attrtype Sync="TRUE">String</attrtype><attwidth Sync="TRUE">254</attwidth><atprecis Sync="TRUE">0</atprecis><attscale Sync="TRUE">0</attscale></attr><attr><attrlabl Sync="TRUE">UNDGRD_FG</attrlabl><attalias Sync="TRUE">UNDGRD_FG</attalias><attrtype Sync="TRUE">String</attrtype><attwidth Sync="TRUE">254</attwidth><atprecis Sync="TRUE">0</atprecis><attscale Sync="TRUE">0</attscale></attr><attr><attrlabl Sync="TRUE">BULD_MNNM</attrlabl><attalias Sync="TRUE">BULD_MNNM</attalias><attrtype Sync="TRUE">String</attrtype><attwidth Sync="TRUE">254</attwidth><atprecis Sync="TRUE">0</atprecis><attscale Sync="TRUE">0</attscale></attr><attr><attrlabl Sync="TRUE">BULD_SLNO</attrlabl><attalias Sync="TRUE">BULD_SLNO</attalias><attrtype Sync="TRUE">String</attrtype><attwidth Sync="TRUE">254</attwidth><atprecis Sync="TRUE">0</atprecis><attscale Sync="TRUE">0</attscale></attr><attr><attrlabl Sync="TRUE">CDN_X</attrlabl><attalias Sync="TRUE">CDN_X</attalias><attrtype Sync="TRUE">Double</attrtype><attwidth Sync="TRUE">8</attwidth><atprecis Sync="TRUE">0</atprecis><attscale Sync="TRUE">0</attscale></attr><attr><attrlabl Sync="TRUE">CDN_Y</attrlabl><attalias Sync="TRUE">CDN_Y</attalias><attrtype Sync="TRUE">Double</attrtype><attwidth Sync="TRUE">8</attwidth><atprecis Sync="TRUE">0</atprecis><attscale Sync="TRUE">0</attscale></attr><attr><attrlabl Sync="TRUE">D_SEOWARD_</attrlabl><attalias Sync="TRUE">D_SEOWARD_</attalias><attrtype Sync="TRUE">String</attrtype><attwidth Sync="TRUE">7</attwidth><atprecis Sync="TRUE">0</atprecis><attscale Sync="TRUE">0</attscale></attr><attr><attrlabl Sync="TRUE">TYPE_CLS_C</attrlabl><attalias Sync="TRUE">TYPE_CLS_C</attalias><attrtype Sync="TRUE">String</attrtype><attwidth Sync="TRUE">10</attwidth><atprecis Sync="TRUE">0</atprecis><attscale Sync="TRUE">0</attscale></attr><attr><attrlabl Sync="TRUE">WORK_TYPE_</attrlabl><attalias Sync="TRUE">WORK_TYPE_</attalias><attrtype Sync="TRUE">String</attrtype><attwidth Sync="TRUE">10</attwidth><atprecis Sync="TRUE">0</atprecis><attscale Sync="TRUE">0</attscale></attr><attr><attrlabl Sync="TRUE">DSP_GROUP_</attrlabl><attalias Sync="TRUE">DSP_GROUP_</attalias><attrtype Sync="TRUE">String</attrtype><attwidth Sync="TRUE">1</attwidth><atprecis Sync="TRUE">0</atprecis><attscale Sync="TRUE">0</attscale></attr><attr><attrlabl Sync="TRUE">AUTO_LIST_</attrlabl><attalias Sync="TRUE">AUTO_LIST_</attalias><attrtype Sync="TRUE">String</attrtype><attwidth Sync="TRUE">1</attwidth><atprecis Sync="TRUE">0</atprecis><attscale Sync="TRUE">0</attscale></attr><attr><attrlabl Sync="TRUE">WARDOPEN_D</attrlabl><attalias Sync="TRUE">WARDOPEN_D</attalias><attrtype Sync="TRUE">String</attrtype><attwidth Sync="TRUE">8</attwidth><atprecis Sync="TRUE">0</atprecis><attscale Sync="TRUE">0</attscale></attr><attr><attrlabl Sync="TRUE">WARDCLOSE_</attrlabl><attalias Sync="TRUE">WARDCLOSE_</attalias><attrtype Sync="TRUE">String</attrtype><attwidth Sync="TRUE">8</attwidth><atprecis Sync="TRUE">0</atprecis><attscale Sync="TRUE">0</attscale></attr><attr><attrlabl Sync="TRUE">WARDOPEN_Y</attrlabl><attalias Sync="TRUE">WARDOPEN_Y</attalias><attrtype Sync="TRUE">String</attrtype><attwidth Sync="TRUE">1</attwidth><atprecis Sync="TRUE">0</atprecis><attscale Sync="TRUE">0</attscale></attr><attr><attrlabl Sync="TRUE">BRD_USING_</attrlabl><attalias Sync="TRUE">BRD_USING_</attalias><attrtype Sync="TRUE">String</attrtype><attwidth Sync="TRUE">1</attwidth><atprecis Sync="TRUE">0</atprecis><attscale Sync="TRUE">0</attscale></attr><attr><attrlabl Sync="TRUE">NIGHT_TEL_</attrlabl><attalias Sync="TRUE">NIGHT_TEL_</attalias><attrtype Sync="TRUE">String</attrtype><attwidth Sync="TRUE">1</attwidth><atprecis Sync="TRUE">0</atprecis><attscale Sync="TRUE">0</attscale></attr><attr><attrlabl Sync="TRUE">RN_ETC_ADD</attrlabl><attalias Sync="TRUE">RN_ETC_ADD</attalias><attrtype Sync="TRUE">String</attrtype><attwidth Sync="TRUE">100</attwidth><atprecis Sync="TRUE">0</atprecis><attscale Sync="TRUE">0</attscale></attr><attr><attrlabl Sync="TRUE">CMD_PORT_I</attrlabl><attalias Sync="TRUE">CMD_PORT_I</attalias><attrtype Sync="TRUE">String</attrtype><attwidth Sync="TRUE">1</attwidth><atprecis Sync="TRUE">0</atprecis><attscale Sync="TRUE">0</attscale></attr><attr><attrlabl Sync="TRUE">SIDO_TYPE</attrlabl><attalias Sync="TRUE">SIDO_TYPE</attalias><attrtype Sync="TRUE">String</attrtype><attwidth Sync="TRUE">1</attwidth><atprecis Sync="TRUE">0</atprecis><attscale Sync="TRUE">0</attscale></attr><attr><attrlabl Sync="TRUE">OBJECTID</attrlabl><attalias Sync="TRUE">OBJECTID</attalias><attrtype Sync="TRUE">String</attrtype><attwidth Sync="TRUE">254</attwidth><atprecis Sync="TRUE">0</atprecis><attscale Sync="TRUE">0</attscale></attr><attr><attrlabl Sync="TRUE">GEOM</attrlabl><attalias Sync="TRUE">GEOM</attalias><attrtype Sync="TRUE">String</attrtype><attwidth Sync="TRUE">254</attwidth><atprecis Sync="TRUE">0</atprecis><attscale Sync="TRUE">0</attscale></attr></detailed></eainfo><mdDateSt Sync="TRUE">20171108</mdDateSt><spref><horizsys><cordsysn><geogcsn Sync="TRUE">GCS_ITRF_2000</geogcsn><projcsn Sync="TRUE">ITRF2000[GRS80-127_60만]</projcsn></cordsysn><planar><mapproj><mapprojn Sync="TRUE">Transverse Mercator</mapprojn><transmer><sfctrmer Sync="TRUE">1.000000</sfctrmer><longcm Sync="TRUE">127.000000</longcm><latprjo Sync="TRUE">38.000000</latprjo><feast Sync="TRUE">200000.000000</feast><fnorth Sync="TRUE">600000.000000</fnorth></transmer></mapproj><planci><plance Sync="TRUE">coordinate pair</plance><plandu Sync="TRUE">meters</plandu><coordrep><absres Sync="TRUE">0.000100</absres><ordres Sync="TRUE">0.000100</ordres></coordrep></planci></planar><geodetic><horizdn Sync="TRUE">D_ITRF_2000</horizdn><ellips Sync="TRUE">Geodetic Reference System 80</ellips><semiaxis Sync="TRUE">6378137.000000</semiaxis><denflat Sync="TRUE">298.257222</denflat></geodetic></horizsys></spref><refSysInfo><RefSystem><refSysID><identCode Sync="TRUE">ITRF2000[GRS80-127_60만]</identCode></refSysID></RefSystem></refSysInfo><dataqual><lineage><procstep><procdesc Sync="TRUE">Dataset copied.</procdesc><srcused Sync="TRUE">\\GISDB02-PC\C$\#GGFIRE\#BASE.gdb</srcused><procdate Sync="TRUE">20171110</procdate><proctime Sync="TRUE">13333900</proctime></procstep><procstep><procdesc Sync="TRUE">Dataset copied.</procdesc><srcused Sync="TRUE"></srcused><procdate Sync="TRUE">20171116</procdate><proctime Sync="TRUE">13531000</proctime></procstep><procstep><procdesc Sync="TRUE">Dataset copied.</procdesc><srcused Sync="TRUE"></srcused><procdate Sync="TRUE">20171116</procdate><proctime Sync="TRUE">17154100</proctime></procstep></lineage></dataqual></metadata>
