OCCRR_DTM,OCUR_DYWK,EXTING_DTM,RQRMN_TM,ARA_NM,CTPRV_NM,SGNG_NM,EMNDN_NM,OCCCRR_RI,ARA_LTNMB,CUSE_NM,DMG_AREA,DMG_MONEY,TM_X,TM_Y
199103171440,일,199103171540,0100,부산,부산,서,동대신,,산1-1,입산자실화,0.07,10,1138806.74590211,1682953.67821491
199104031440,수,199104031530,0050,부산,부산,서,남부민,,산16-1,입산자실화,0.05,25,1138540.20425022,1677952.47445219
199104071915,일,199104072120,0205,부산,부산,서,동대신3,,산1-1,입산자실화,0.5,54,1138806.74590211,1682953.67821491
199401152220,토,199401152255,0035,부산,부산,서,남부민,,산16-1,입산자실화,0.16,12,1138540.20425022,1677952.47445219
199512020910,토,199512020940,0030,부산,부산,서,서대신3,,산37,입산자실화추정,0.5,5,1136927.97895585,1681223.9994851
199604121130,금,199604121245,0115,부산,부산,서,서대신3,,산36,입산자실화,7,2200,1137161.85658808,1681378.44738066
199604101545,수,199604101710,0125,부산,부산,서,서대신3,,산35-9,기타,0.5,3,1137320.70064953,1681261.29846944
200104200530,금,200104200630,0100,부산,부산,서,초장,,산14-2,입산자실화추정,0.12,1500,1138077.925188,1678715.39656182
200002182329,금,200002190057,0128,부산,부산,서,서대신2,,산5-1,입산자실화추정,0.16,100,1137301.9577235,1680451.74207192
200812111520,목,200812111625,0105,부산,부산,서,암남,,산103,쓰레기소각추정,0.1,150,1137801.79598389,1675866.12440262
201311240409,일,201311240800,0351,부산,부산,동구,범일동,,산65-60,담뱃불실화 추정,,,1140627.12499137,1684396.51513449
199602071600,수,199602071640,0040,부산,부산,동,수정,,산17-1,입산자실화,0.05,10,1140166.38170166,1683522.56522703
199602222140,목,199602230005,0225,부산,부산,동,초량,,산29,논밭두렁소각,3.5,220,1139203.41484677,1682371.06756229
200105101250,목,200105101330,0040,부산,부산,동,범일,,산65-121,입산자실화추정,0.09,141,1140558.29938026,1684074.63511325
201308100557,토,201308100800,0203,부산,부산,영도구,봉래5가,,산8,,,,1141503.57422803,1678675.54019442
199503191620,일,199503191805,0145,부산,부산,영도,동삼,,산149-5,입산자실화추정,1,150,1141849.88058151,1676859.56853537
199602251605,일,199602260800,1555,부산,부산,영도,동삼,,산1-1,입산자실화,1.1,360,1145290.19803574,1677202.36283363
199702190530,수,199702190740,0210,부산,부산,영도,동삼,,산149-5,입산자실화추정,0.26,8,1141849.88058151,1676859.56853537
199706191415,목,199706191800,0345,부산,부산,영도,동삼,,산1-1,낚시꾼실화,0.01,0,1145290.19803574,1677202.36283363
199802030430,화,199802030500,0030,부산,부산,영도,청학,,산2-11,입산자실화,0.06,60,1142993.62547288,1678629.39261681
200312252139,목,200312252315,0136,부산,부산,영도,신선2,,산1-1,입산자실화,0.33,300,1141411.80531823,1678036.19399038
199904051130,월,199904051210,0040,부산,부산,영도,동삼,,산29-1,낚시꾼실화추정,0.03,1,1144788.26443651,1674621.88287446
199911260258,금,199911260526,0228,부산,부산,영도,동삼,,산33-1,입산자실화추정,0.23,740,1143009.28721942,1675433.10460472
200102150325,목,200102150430,0105,부산,부산,영도,동삼,,산132-1,담뱃불실화추정,0.16,430,1143521.93532185,1677279.53429547
199401011240,토,199401011310,0030,부산,부산,부산진,당감,,산38-5,입산자실화추정,0.23,45,1139387.11163614,1686633.92545683
199304171210,토,199304171630,0420,부산,부산,부산진,전포,,산7,입산자실화,15.1,1700,1143587.11282869,1686506.66995516
199304261527,월,199304261650,0123,부산,부산,부산진,범천,,산44-13,미상,3,450,1140657.14314135,1684645.28706867
199503051450,일,199503051542,0052,부산,부산,부산진,당감,,산34,입산자실화추정,0.13,20,1138160.5619911,1687390.88855484
200103292015,목,200103292055,0040,부산,부산,부산진,초읍,,산128,담뱃불실화추정,0.02,120,1140407.31363971,1688133.34973239
200203130147,수,200203130250,0103,부산,부산,부산진,부암,,산61-1,입산자실화추정,0.07,178,1140393.02043785,1687492.77928379
200104080420,일,200104080543,0123,부산,부산,부산진,개금,,산63-1,입산자실화추정,0.02,43,1138225.34462082,1683691.88191418
200112220350,토,200112220430,0040,부산,부산,부산진,초읍,,산131,담뱃불실화추정,0.16,500,1140486.65190449,1687667.1994479
200112241107,월,200112241319,0212,부산,부산,부산진,당감,,산34,입산자실화추정,0.18,540,1138160.5619911,1687390.88855484
200012060221,수,200012060430,0209,부산,부산,부산진,전포,,산5,입산자실화추정,5,12000,1143694.67046309,1686333.068436
199811172230,화,199811180000,0130,부산,부산,부산진,범천,,산41-1,입산자실화추정,0.15,150,1140716.54504679,1684798.92851635
200101010450,월,200101010705,0215,부산,부산,부산진,당감,,산38-34,입산자실화추정,0.6,1440,1138472.82510673,1686778.01940278
200103100239,토,200103100355,0116,부산,부산,부산진,초읍,,산129,담뱃불실화추정,0.06,160,1140044.94890768,1688102.66235346
201303161549,토,201303161600,0011,부산,부산,동래,명장,,산103-3,어린이불장난,,,1145035.5187125,1692123.50045202
199312261935,일,199312262100,0125,부산,부산,동래,온천,,산109-1,입산자실화,0.2,20,1142642.34165336,1692401.37225716
199304241920,토,199304241955,0035,부산,부산,동래,사직,,산105,미상,0.1,35,1141349.33135877,1690408.4887988
199701180350,토,199701180450,0100,부산,부산,동래,온천,,산96-1,입산자실화추정,0.17,150,1142313.28815703,1692351.15605044
200106130338,수,200106130442,0104,부산,부산,동래,명장,,산99-2,입산자실화추정,0.07,270,1145445.63240711,1691895.44249823
200104211443,토,200104211520,0037,부산,부산,동래,온천,,산202-2,담뱃불실화추정,0.03,88,1142141.39462801,1691229.30953198
199101292120,화,199101300000,0240,부산,부산,남,대연,,산1-1,정신이상자실화,3,250,1145123.03667184,1685775.19824698
199101300410,수,199101300730,0320,부산,부산,남,대연,,산53-1,입산자실화,0.5,100,1144286.07200596,1685710.9093388
199103161630,토,199103162030,0400,부산,부산,남,문현,,산22-2,방화추정,3,400,1143298.85596229,1684866.65000464
199202181840,화,199202182025,0145,부산,부산,남,용호,,산86-1,입산자실화,0.3,120,1146383.68338972,1680464.02616831
199302042125,목,199302042315,0150,부산,부산,남,대연,,산54,미상,1,50,1144089.88519799,1685487.97459695
199303232240,화,199303240050,0210,부산,부산,남,대연,,산1-1,입산자실화,2.3,260,1145123.03667184,1685775.19824698
199412051010,월,199412051530,0520,부산,부산,남,대연,,산61-1,입산자실화,2.7,800,1144394.49159541,1684273.07805775
199503081045,수,199503081215,0130,부산,부산,남,문현,,산19-1,입산자실화추정,0.8,225,1143696.58240567,1684964.22923611
199503190605,일,199503190645,0040,부산,부산,남,문현,,산1,입산자실화추정,0.05,24,1144245.97110402,1684796.35210325
199602102345,토,199602110211,0226,부산,부산,남,용호,,산24,논밭두렁소각,3,385,1147544.21954368,1682112.57242209
199602110650,일,199602110740,0050,부산,부산,남,대연,,산7,기타,4.8,6580,1145835.46182757,1684802.78374171
199602111320,일,199602111730,0410,부산,부산,남,대연,,산53-19,입산자실화,3,300,1144636.27634824,1685741.48574529
199603031705,일,199603031810,0105,부산,부산,남,용호,,산247-2,논밭두렁소각,2,200,1146141.36934908,1679667.01913075
199602230045,금,199602230155,0110,부산,부산,남,용호,,산85-5,기타,0.4,1200,1146553.55755036,1680545.47240033
199602241630,토,199602241740,0110,부산,부산,남,용호,,산3,입산자실화,1,100,1147559.39784124,1682830.59941156
199611241650,일,199611241805,0115,부산,부산,남,용당,,산170,입산자실화,4.8,133,1145944.43934622,1679852.36463784
200212141315,토,200212141340,0025,부산,부산,남,우암,,산7-1,쓰레기소각,0.03,30,1143359.55501304,1682719.74440461
200203191610,화,200203191630,0020,부산,부산,남,용호,,산85-4,입산자실화추정,0.05,30,1146455.16045352,1680535.53264647
200201071523,월,200201071642,0119,부산,부산,남,용호,,산207,입산자실화추정,1,3000,1147312.16406365,1679625.33447299
199905131933,목,199905132040,0107,부산,부산,남,대연,,산81,입산자실화추정,0.8,2150,1144547.81667658,1684808.92249421
200010160850,월,200010161025,0135,부산,부산,남,문현,,산19-1,입산자실화추정,0.8,2240,1143696.58240567,1684964.22923611
199811201625,금,199811201710,0045,부산,부산,남,대연,,산53-20,입산자실화추정,0.2,20,1145604.58438272,1685185.91819001
199812221955,화,199812222055,0100,부산,부산,남,용호,,산4-1,입산자실화추정,0.1,30,1147677.0966155,1682811.29277973
199812270310,일,199812270420,0110,부산,부산,남,용호,,산114,방화추정,0.2,50,1147625.51491634,1681214.88652505
199902121620,금,199902121800,0140,부산,부산,남,대연,,산53-19,고압전선변압기폭발,1,2691,1144636.27634824,1685741.48574529
201312171915,화,201312172200,0245,부산,부산,북구,구포동,,산42-1,입산자실화,,,1136478.90632806,1689819.07221371
201301141530,월,201301141600,0030,부산,부산,기장군,장안읍,덕선리,산165-3,,,,1136417.28165344,1692069.91214343
199102042050,월,199102042320,0230,부산,부산,북,화명,,산59,입산자실화,0.5,100,1140348.30145712,1695791.02155142
199104071620,일,199104071800,0140,부산,부산,북,금곡,,산2,입산자실화,0.2,53,1139014.47045351,1698884.67537682
199403201915,일,199403202015,0100,부산,부산,북,덕천,,산1,입산자실화추정,0.1,8,1138794.92326971,1693156.03813308
199407111105,월,199407111610,0505,부산,부산,북,덕천,,산6,입산자실화,0.23,35,1138727.67098919,1692852.71955651
199501311435,화,199501311610,0135,부산,부산,북,만덕,,산32,입산자실화추정,1,175,1140482.58324967,1692291.69735908
199504081208,토,199504081430,0222,부산,부산,북,금곡,,산3-1,입산자실화추정,1,150,1139937.30402171,1698586.21487528
199505071125,일,199505071230,0105,부산,부산,북,화명,,산3,입산자실화추정,0.5,150,1140725.21701051,1696701.51117021
199512171440,일,199512171515,0035,부산,부산,북,구포,,산18-1,입산자실화추정,0.3,200,1137268.69600079,1690695.17815464
199504301130,일,199504301220,0050,부산,부산,북,구포,,산2,담배불실화추정,0.33,100,1138445.90670733,1690395.59815557
199605261615,일,199605261655,0040,부산,부산,북,화명,,산127,기타,2,40,1138369.11913466,1693943.49946629
199802081830,일,199802082005,0135,부산,부산,북,덕천,,산45-1,등산객실화추정,2,1260,1137814.14028374,1692394.72600206
200111170217,토,200111170250,0033,부산,부산,북,구포,,산42-1,담뱃불실화추정,0.01,50,1136500.44996597,1689861.93345327
200201081935,화,200201082100,0125,부산,부산,북,화명,,산48,입산자실화추정,0.5,300,1139642.60317127,1695337.53838785
199812200355,일,199812200530,0135,부산,부산,북,화명,,산173,입산자실화추정,1,400,1139125.74631895,1694339.37944458
200002161524,수,200002161545,0021,부산,부산,북,화명,,산290-1,어린이불장난,0.03,82,1137877.23260142,1695216.4490879
200102151750,목,200102151910,0120,부산,부산,북,만덕,,산19-1,입산자실화추정,0.2,540,1140138.17498959,1692087.7170312
200002241535,목,200002241635,0100,부산,부산,북,구포,,산18-1,입산자실화,0.33,821,1137268.69600079,1690695.17815464
201303161442,토,201303161520,0038,부산,부산,해운대구,우동,,산133-1,입산자실화,,,1150311.56656934,1686601.74415214
201310242111,목,201310242208,0057,부산,부산,해운대구,중돌,,산42-66,담뱃불실화 추정,,,1153252.2761557,1685782.94806254
201303301425,토,201303301515,0050,부산,부산,해운대구,우동,,산104-2,입산자실화,,,1150477.59270708,1687047.57610466
199103031520,일,199103031700,0140,부산,부산,해운대,재송,,산74-3,미상,0.5,25,1148741.03157624,1688388.67719443
199202181225,화,199202182330,1105,부산,부산,해운대,반송,,산181,입산자실화,5.5,300,1149581.51000442,1695873.22879687
199304081117,목,199304081150,0033,부산,부산,해운대,반송,,산15,미상,0.1,30,1150263.66866255,1695288.23796031
199304261400,월,199304261430,0030,부산,부산,해운대,반여,,산33-6,미상,0.1,18,1149084.01325861,1691693.80104354
199403021237,수,199403021445,0208,부산,부산,해운대,좌,,산1-144,조사중,0.6,150,1151582.90601577,1689703.50683629
199412252359,일,199412260240,0241,부산,부산,해운대,반여,,산149,입산자실화,0.5,450,1148113.92303794,1690207.55254434
199502271300,월,199502271430,0130,부산,부산,해운대,중,,산5-1,입산자실화추정,0.43,400,1154166.18173089,1686684.52101147
199503151515,수,199503151620,0105,부산,부산,해운대,재송,,산82,입산자실화추정,0.07,50,1148298.72265791,1688417.59921874
199511261040,일,199511261230,0150,부산,부산,해운대,우,,산148-1,쓰레기소각,0.13,35,1150720.52584405,1689734.73361639
199512241515,일,199512241700,0145,부산,부산,해운대,우,,산110-1,입산자실화추정,1,100,1150572.06351883,1686977.40048781
199601011120,월,199601011220,0100,부산,부산,해운대,우,,산100,성묘객실화,3.4,80,1150431.39380407,1687476.76282258
199602051055,월,199602052230,1135,부산,부산,해운대,우,,산15-3,논밭두렁소각,1.5,155,1151640.63631691,1688297.21445234
199702031020,월,199702031110,0050,부산,부산,해운대,석대,,산30-6,공장화재,0.13,80,1149593.92842629,1693551.0740396
200201021405,수,200201021710,0305,부산,부산,해운대,좌,,산1-1,담배불실화추정,1.65,4455,1151322.33750446,1690558.17683779
200201030420,목,200201030600,0140,부산,부산,해운대,반송,,산51-124,입산자실화추정,0.02,30,1150936.76689139,1691740.41931033
200202100928,일,200202101010,0042,부산,부산,해운대,석대,,산150-2,쓰레기소각,0.05,135,1147786.82895247,1692862.880685
200202111510,월,200202111600,0050,부산,부산,해운대,반송,,산16-2,입산자실화추정,0.1,50,1150356.69715454,1694329.7574555
200003221440,수,200003221537,0057,부산,부산,해운대,중,,산42-25,담뱃불실화추정,0.1,240,1153320.96792599,1686052.02992774
199912181510,토,199912190820,1710,부산,부산,해운대,반송,,산170,입산자실화추정,3,7800,1149903.88967084,1695282.05665107
200012111630,월,200012111750,0120,부산,부산,해운대,반송,,산151,입산자실화추정,0.07,158,1149709.90919973,1694500.55179691
199912232017,목,199912232200,0143,부산,부산,해운대,반여,,산90-1,입산자실화추정,0.2,410,1148506.20032253,1691402.59399607
200002091355,수,200002091430,0035,부산,부산,해운대,석대,,산86-1,입산자실화추정,0.06,164,1149026.74814683,1693472.98710048
200002231720,수,200002231830,0110,부산,부산,해운대,석대,,산29-1,입산자실화추정,0.08,205,1148925.81431373,1693702.06092791
199103181630,월,199103181720,0050,부산,부산,사하,하단,,산12-1,입산자실화,0.1,4,1133499.84844274,1681279.95083376
199202161140,일,199202161230,0050,부산,부산,사하,신평,,산41,입산자실화,1,90,1135052.7449876,1678061.66613284
199310261440,화,199310261600,0120,부산,부산,사하,다대,,산79,논밭두렁소각,1,150,1135631.18211199,1675292.08272979
199403251140,금,199403251220,0040,부산,부산,사하,장림,,산3-1,담배불실화추정,0.3,108,1135359.24159353,1676614.89974404
199502241340,금,199502241432,0052,부산,부산,사하,장림,,산72,아파트단지내발화,0.33,70,1133971.04836959,1676193.6261528
199502091216,목,199502091325,0109,부산,부산,사하,감천,,산2-6,입산자실화추정,0.17,30,1137395.55301364,1679232.20694775
199502201230,월,199502201430,0200,부산,부산,사하,다대,,산98,밭두렁소각,1,200,1133505.93158525,1674918.44056663
199511302340,목,199512010200,0220,부산,부산,사하,괴정,,산1-1,입산자실화추정,0.5,360,1136478.30423641,1680859.36715722
199512291440,금,199512291515,0035,부산,부산,사하,다대,,산95,입산자실화추정,0.1,20,1133689.00341993,1674858.86332636
199505042350,목,199505050530,0540,부산,부산,사하,당리,,산41,입산자실화추정,4,1600,1135055.19438166,1681195.24042996
199601271415,토,199601271530,0115,부산,부산,사하,당리,,산1-1,입산자실화,1.2,150,1136523.79269353,1681907.51269075
199601311510,수,199601311620,0110,부산,부산,사하,당리,,산89-3,입산자실화,1.5,50,1135143.8405711,1680100.4505052
199604111310,목,199604120900,1950,부산,부산,사하,당리,,산97-4,기타,2,600,1134317.00437879,1679145.06912313
199702161205,일,199702161525,0320,부산,부산,사하,다대,,산1-19,입산자실화,15,2400,1136203.77294975,1674380.31611391
199703231500,일,199703231635,0135,부산,부산,사하,당리,,산37,입산자실화추정,1.5,247,1134954.04063345,1680664.19077849
199710081300,수,199710081430,0130,부산,부산,사하,괴정,,산1-1,입산자실화추정,0.3,20,1136478.30423641,1680859.36715722
199802061100,금,199802061110,0010,부산,부산,사하,감천,,산56-3,입산자실화,0.05,20,1137014.74626368,1678363.69768262
200204051616,금,200204051640,0024,부산,부산,사하,장림,,산76,어린이불장난추정,0.01,45,1134191.45513262,1676586.6239479
200211161249,토,200211161328,0039,부산,부산,사하,장림,,산74-3,담배불실화추정,0.02,48,1134074.93651507,1676486.77027569
200201021654,수,200201021900,0206,부산,부산,사하,괴정,,산18-1,어린이불장난추정,2,5400,1136254.97843092,1679687.76100416
200202071407,목,200202071435,0028,부산,부산,사하,감천,,산6,담배불실화추정,0.05,135,1136639.60876692,1678887.23420843
200104211817,토,200104211845,0028,부산,부산,사하,하단,,산42-1,입산자실화추정,0.05,135,1134025.93156685,1680419.0650726
200003221205,수,200003221345,0140,부산,부산,사하,장림,,산59-2,창고화재,0.7,1725,1134884.41982824,1676144.21462636
199912020114,목,199912020210,0056,부산,부산,사하,신평,,산23-1,입산자실화추정,0.1,80,1134761.95021636,1678818.99498726
200002021015,수,200002021050,0035,부산,부산,사하,다대,,산4-1,공장화재,1,2463,1135570.2003591,1675478.90513803
199812302355,수,199812310710,0715,부산,부산,사하,괴정,,산1-1,입산자실화추정,8,7800,1136478.30423641,1680859.36715722
200101041023,목,200101041102,0039,부산,부산,사하,다대,,산96,입산자실화추정,0.05,120,1133704.74394596,1674763.69996112
200101050145,금,200101050338,0153,부산,부산,사하,장림,,산176,공장화재,0.1,240,1133166.14664397,1677027.91736112
199902161540,화,199902161635,0055,부산,부산,사하,다대,,산9,어린이불장난,0.07,80,1135106.68904785,1675967.48964126
200812170312,수,200812170402,0050,부산,부산,사하,감천,,산66-2,입산자실화추정,0.03,50,1136995.39418731,1678711.48362435
201302131234,수,201302131310,0036,부산,부산,금정구,금성동,,산90,밭두렁소각,,,1140945.79748187,1696414.88335294
201303111245,월,201303111315,0030,부산,부산,금정구,서동,,산108,입산자실화,,,1145944.99315428,1693392.05326386
201312162011,월,201312162300,0249,부산,부산,금정구,장전동,,산2-2,방화 추정,,,1143563.67323143,1695517.90457424
201304122125,금,201304122207,0042,부산,부산,금정구,선동,,산5,담뱃불실화,,,1146972.32263404,1699562.30487986
199304141515,수,199304141640,0125,부산,부산,금정,금성,,산1-1,입산자실화,0.5,75,1141149.95399369,1698095.25571595
199412051200,월,199412051440,0240,부산,부산,금정,남산,,산3-14,입산자실화,2.67,18,1145034.43669889,1698385.88443158
199406141315,화,199406141510,0155,부산,부산,금정,선,,산33-1,쓰레기소각,1,330,1146154.02475492,1698950.7435786
199501291610,일,199501291630,0020,부산,부산,금정,금성,,산5-5,입산자실화추정,0.1,0,1141588.40401966,1697100.2536114
199504041321,화,199504041430,0109,부산,부산,금정,회동,,산40-1,입산자실화추정,0.1,90,1147904.08763775,1694279.78536688
199511091450,목,199511091530,0040,부산,부산,금정,두구,,산59-1,철탑공사부주의추정,0.06,100,1146616.10354005,1700277.76161771
199601031250,수,199601031520,0230,부산,부산,금정,두구,,산20-7,입산자실화,0.2,15,1147576.41422159,1700929.21737453
199701041410,토,199701041450,0040,부산,부산,금정,금성,,산69,입산자실화추정,0.02,1,1141504.39504121,1694480.75107447
199702210035,금,199702211310,1235,부산,부산,금정,금성,,산1-1,입산자실화추정,25,8300,1141149.95399369,1698095.25571595
200211181913,월,200211182020,0107,부산,부산,금정,부곡,,산63-6,담배불실화추정,0.07,178,1145479.47528193,1693858.6435846
200111231345,금,200111231440,0055,부산,부산,금정,청룡,,산2-1,담뱃불실화추정,0.13,351,1142282.97091163,1699944.94445379
200201021056,수,200201021115,0019,부산,부산,금정,두구,,산20-7,담배불실화추정,0.1,270,1147576.41422159,1700929.21737453
200103221220,목,200103221240,0020,부산,부산,금정,금성,,산52-2,쓰레기소각,0.05,84,1141480.31520514,1695806.53644695
200012031210,일,200012031245,0035,부산,부산,금정,구서,,산1-1,담뱃불실화추정,0.01,0,1143485.3764603,1697701.54505776
200001301340,일,200001301420,0040,부산,부산,금정,금성,,산41-1,담뱃불실화추정,0.3,500,1142284.1338549,1696137.0238698
199901020330,토,199901020550,0220,부산,부산,금정,금사,,산50,입산자실화추정,2,540,1146377.08740696,1693271.13830841
199902141020,일,199902141115,0055,부산,부산,금정,금사,,산28,입산자실화추정,1,1200,1146498.81820124,1693570.75379151
200002201303,일,200002201321,0018,부산,부산,금정,금성,,산41-1,담뱃불실화추정,0.03,80,1142284.1338549,1696137.0238698
200002201534,일,200002201550,0016,부산,부산,금정,구서,,산4-9,담뱃불실화추정,0.02,40,1142537.68972105,1696897.44055337
200002271150,일,200002271212,0022,부산,부산,금정,금성,,산1-1,입산자실화추정,0.13,320,1141149.95399369,1698095.25571595
199301301250,토,199301301400,0110,부산,부산,강서,녹산,,산47,어린이불장난,0.3,150,1125161.05042078,1680688.32362152
199301311430,일,199301312150,0720,부산,부산,강서,녹산,,산111,논밭두렁소각,10,2500,1124037.28090574,1680951.16047163
199304121110,월,199304121235,0125,부산,부산,강서,녹산,,산148,입산자실화,0.2,55,1124744.40061704,1679927.39141786
199501101330,화,199501101400,0030,부산,부산,강서,지사,,산149,입산자실화추정,0.03,16,1119901.78342799,1684496.02370964
199409282010,수,199409282140,0130,부산,부산,강서,녹산,,산7-1,입산자실화,0.3,200,1126758.85697359,1681620.90723263
199702201335,목,199702210920,1945,부산,부산,강서,천성,,산1,쓰레기소각,66.49,943,1122506.71392517,1671530.89235439
199802031755,화,199802032215,0420,부산,부산,강서,녹산,,산14-1,입산자실화,2,600,1126328.25105214,1681917.92767722
199802061420,금,199802061450,0030,부산,부산,강서,천성,,산74-2,입산자담뱃불,0.5,150,1119987.353779,1672670.00477731
200304151300,화,200304151420,0120,부산,부산,강서,생곡,,산61,입산자실화추정,0.3,0,1125673.6071732,1682042.06045957
200104060832,금,200104060855,0023,부산,부산,강서,천성,,산13,입산자실화추정,0.01,24,1120970.25076243,1671613.33703991
200202111510,월,200202121156,2046,부산,부산,강서,녹산,,산3-1,입산자실화추정,8,21920,1127372.07020206,1682106.95669636
200003221335,수,200003221530,0155,부산,부산,강서,녹산,,산23-1,입산자실화추정,0.5,1230,1126260.88006118,1680990.67798239
200101011530,월,200101011620,0050,부산,부산,강서,녹산,,산45,입산자실화추정,0.17,408,1125486.85272569,1680844.69475846
199902071235,일,199902071500,0225,부산,부산,강서,송정,,산144,입산자실화추정,3,5000,1123777.33462838,1680700.65115398
199202091925,일,199202092050,0125,부산,부산,연제,거제,,산150-6,입산자실화,0.2,25,1140920.05637351,1689599.45902185
199302071630,일,199302071705,0035,부산,부산,연제,연산,,산187-3,어린이불장난,0.1,40,1144072.28512927,1687539.31680017
199312261930,일,199312262130,0200,부산,부산,연제,연산,,산61,입산자실화,2.7,538,1145385.69945003,1688530.452632
199403272030,일,199403272245,0215,부산,부산,연제,연산,,산63-4,입산자실화추정,0.4,57,1145606.21617837,1688453.94954363
199502062215,월,199502062350,0135,부산,부산,연제,거제,,산28,입산자실화추정,1,200,1142412.19347195,1689313.04729097
199512011450,금,199512011535,0045,부산,부산,연제,거제,,산137,입산자실화추정,0.01,0,1141259.35124151,1689593.45490023
199512311112,일,199512311151,0039,부산,부산,연제,연산,,산38-1,입산자실화추정,0.03,20,1145128.44613736,1688409.18063776
199802061350,금,199802061450,0100,부산,부산,연제,연산,,산61,철탑공사,0.3,100,1145385.69945003,1688530.452632
200012121757,화,200012121850,0053,부산,부산,연제,연산,,산166-10,입산자실화추정,0.3,634,1144895.96245361,1687343.26680054
200102081150,목,200102081240,0050,부산,부산,연제,연산,,산산180-3,입산자실화추정,0.16,262,1144443.38135105,1686067.62762615
199212091520,수,199212091530,0010,부산,부산,수영,남천,,산73-1,입산자실화,0.01,0,1146082.52643467,1684335.83145734
199511120720,일,199511120805,0045,부산,부산,수영,광안,,산37,입산자실화추정,0.07,0,1145888.00542207,1686375.34109331
199702210530,금,199702211030,0500,부산,부산,수영,광안,,산35-1,입산자실화추정,2,800,1145698.86903787,1686005.60309666
199803031620,화,199803031655,0035,부산,부산,수영,민락,,산15,입산자실화,0.7,1050,1147843.37050406,1686630.56958519
200112290307,토,200112290345,0038,부산,부산,수영,망미,,산7-2,담뱃불실화추정,0.03,90,1147064.02647316,1688581.27561918
199912131735,월,199912131820,0045,부산,부산,수영,망미,,산114,입산자실화추정,0.1,240,1145374.5210959,1686633.38927211
199403271345,일,199403272130,0745,부산,부산,사상,주례,,산8-1,입산자실화,10,3000,1137438.09174195,1685696.25640052
199504011600,토,199504011700,0100,부산,부산,사상,덕포,,산8-1,입산자실화추정,0.03,12,1136207.09770834,1687736.35880455
199803061515,금,199803061645,0130,부산,부산,사상,모라,,산5,방화추정,2,500,1137625.79268606,1688132.32519886
200211151414,금,200211151540,0126,부산,부산,사상,주례,,산113,입산자실화추정,0.06,500,1137144.48547961,1686189.99154514
200212251330,수,200212251358,0028,부산,부산,사상,학장,,산123,어린이불장난추정,0.17,800,1135901.08985605,1683921.57327792
200112200405,목,200112200510,0105,부산,부산,사상,모라,,산72,담뱃불실화추정,0.07,178,1136062.18141432,1689048.14993078
200103220440,목,200103220545,0105,부산,부산,사상,학장,,산118,담뱃불실화추정,0.05,135,1135948.22677322,1683832.20979019
200103231200,금,200103231240,0040,부산,부산,사상,괘법,,산26-2,농산폐기물소각,0.02,54,1135619.38119006,1686740.29216534
199803221600,일,199803221620,0020,부산,부산,사상,덕포,,산8-1,등산객실화추정,0.05,0,1136207.09770834,1687736.35880455
199812311220,목,199812311330,0110,부산,부산,사상,엄궁,,산20,어린이불장난,0.5,190,1134708.12159858,1682768.43171109
200103191420,월,200103191530,0110,부산,부산,사상,학장,,산118,담뱃불실화추정,1,2700,1135948.22677322,1683832.20979019
200002271550,일,200002271710,0120,부산,부산,사상,엄궁,,산16-1,어린이불장난추정,1,2463,1134511.95447866,1682994.00770159
201304121450,금,201304121520,0030,부산,부산,기장,장안,오,산174-9,,,,1160273.91866641,1709447.23527049
201310271440,일,201310271740,0300,부산,부산,기장군,기장읍,청강리,산58,,,,1155163.89970025,1693626.72286559
201310301345,수,201310301537,0152,부산,부산,기장군,기장읍,청강리,산57,,,,1155125.59267319,1693639.91221034
199302261430,금,199302261600,0130,부산,부산,기장,일광,용천,산80,입산자실화,3,36,1153804.37688614,1701327.47670824
199302281200,일,199302281405,0205,부산,부산,기장,장안,덕선,산89,입산자실화,4,100,1157379.49611716,1705592.66558208
199402070310,월,199402070410,0100,남부,부산,기장,일광,용천,산252,사찰화재,1,24,1154341.3915172,1702246.17989657
199412061510,화,199412061605,0055,부산,부산,기장,기장,죽성,산1-1,입산자실화,1,50,1159112.18184038,1695946.279981
199501120050,목,199501120340,0250,부산,부산,기장,장안,장안,산26-20,농산부산물소각추정,1,10,1158746.17254073,1710086.35575835
199409041330,일,199409041415,0045,부산,부산,기장,철마,고촌,산33,입산자실화,0.3,50,1151864.33469988,1695147.90881113
199502261330,일,199502261410,0040,부산,부산,기장,기장,대변,산1,입산자실화추정,0.2,7,1158427.31208492,1694250.307894
199503071535,화,199503071620,0045,부산,부산,기장,철마,연구,산22-3,농산부산물소각,0.3,70,1152133.84218591,1699560.26868585
199503211040,화,199503211200,0120,부산,부산,기장,철마,웅천,산142-1,입산자실화추정,0.5,15,1151028.03327024,1702690.9808493
199503211355,화,199503211735,0340,부산,부산,기장,일광,용천,산1,입산자실화추정,4.5,178,1152817.77753026,1702262.32397547
199501151530,일,199501151630,0100,부산,부산,기장,철마,임기,산119,입산자실화추정,0.7,70,1148580.77132251,1704488.16647502
199504041310,화,199504041700,0350,부산,부산,기장,일광,용천,산128,입산자실화추정,2.8,97,1155617.23777596,1701298.35636145
199512311320,일,199512311420,0100,부산,부산,기장,기장,대변,산5-1,쓰레기소각,0.5,24,1158157.33210163,1694050.66484545
199602011325,목,199602011500,0135,부산,부산,기장,장안,용소,산141,기타,155.5,345753,1157864.64785812,1706869.62845902
199603061500,수,199603061715,0215,부산,부산,기장,장안,반룡,산98-3,입산자실화,1.7,20,1159390.8715,1705749.74102991
199602231315,금,199602231620,0305,부산,부산,기장,철마,임기,산66-1,입산자실화,1.8,150,1147780.19542361,1704746.56091096
199604111500,목,199604111550,0050,부산,부산,기장,장안,용소,산125,기타,1.9,114,1158444.49564367,1706992.65140468
199701212134,화,199701212308,0134,부산,부산,기장,기장,교,산27,입산자실화추정,0.5,25,1155670.87245424,1697029.33282476
199701250820,토,199701250935,0115,부산,부산,기장,기장,시랑,산28-2,농산폐기물소각,0.1,3,1156639.11631968,1690597.88748721
199704171250,목,199704171502,0212,부산,부산,기장,장안,장안,산71-4,입산자실화추정,1,40,1157984.04956634,1709303.97388403
199703231242,일,199703231440,0158,부산,부산,기장,기장,청강,산48-2,입산자실화추정,1.3,15,1155610.90840253,1693895.3908103
199803071435,토,199803071525,0050,부산,부산,기장,장안,용소,산16,입산자실화,0.5,150,1158588.0269958,1706945.00290105
199803100005,화,199803100615,0610,부산,부산,기장,장안,오,산88-2,논두렁소각,2,4560,1161557.59754697,1707187.15199937
199802080140,일,199802080240,0100,부산,부산,기장,장안,덕선,산290,차량사고로인화,0.3,60,1157389.08118723,1704978.603998
200202131330,수,200202131400,0030,부산,부산,기장,장안,오,산38-2,입산자실화추정,0.03,40,1160928.48189499,1709286.75437137
200202151632,금,200202151735,0103,부산,부산,기장,장안,오,산65,쓰레기소각,0.06,150,1161793.82415914,1708051.18427889
200304171606,목,200304171658,0052,부산,부산,기장,장안,덕선,산156-1,입산자실화추정,0.06,50,1156165.96080114,1705937.60902434
200202201316,수,200202201458,0142,부산,부산,기장,장안,월내,산45-13,쓰레기소각,0.5,1500,1160261.95306301,1704834.63653454
200104271444,금,200104271607,0123,부산,부산,기장,일광,삼성,산36-3,입산자실화추정,0.17,459,1156558.14424216,1697926.99071225
200104271707,금,200104271830,0123,부산,부산,기장,일광,삼성,산28-3,입산자실화추정,0.5,1215,1157168.77612975,1697561.39924813
200203011105,금,200203011159,0054,부산,부산,기장,장안,월내,산6-1,논두렁소각,0.13,200,1161213.93426278,1705662.48849534
200203111302,월,200203111400,0058,부산,부산,기장,장안,장안,산65-2,폭발물처리장발화,0.3,700,1156447.32365577,1709763.99940532
200104021002,월,200104021042,0040,부산,부산,기장,정관,용수,산80,쓰레기소각,0.06,162,1152383.52339924,1706201.72156863
200104041246,수,200104041307,0021,부산,부산,기장,철마,고촌,산40,입산자실화추정,0.03,81,1151659.83536312,1695095.625418
200302061625,목,200302061725,0100,부산,부산,기장,기장,죽성,산41-3,입산자실화추정,0.1,400,1158178.37157339,1695158.79342346
200302071040,금,200302071110,0030,부산,부산,기장,일광,원,산57-1,논두렁소각추정,0.02,20,1158063.68236627,1702935.54057641
200303211648,금,200303211720,0032,부산,부산,기장,일광,용천,산199,입산자실화추정,0.03,100,1155434.95991291,1700901.65566652
200112161122,일,200112161153,0031,부산,부산,기장,일광,용천,산132-5,용접작업,0.02,100,1155620.81317759,1700881.33828012
200201031518,목,200201031545,0027,부산,부산,기장,일광,용천,산219-1,쓰레기소각,0.13,5400,1154966.67038677,1700674.58215264
200104191620,목,200104191800,0140,부산,부산,기장,정관,매학,산69,입산자실화추정,0.03,81,1150427.77754266,1703861.38584782
200103201440,화,200103201507,0027,부산,부산,기장,일광,동백,산18-1,쓰레기소각,0.06,891,1159344.59037975,1700989.18101555
200103241530,토,200103241619,0049,부산,부산,기장,철마,송정,산35,쓰레기소각,0.17,600,1147230.04831603,1702838.84823773
199803291252,일,199803291430,0138,부산,부산,기장,장안,오,산65-2,군폐탄처리장,2,5480,1161791.30909806,1707974.14976646
199803301340,월,199803301420,0040,부산,부산,기장,일광,용천,산199,입산자실화추정,0.5,1350,1155434.95991291,1700901.65566652
199912102125,금,199912102150,0025,부산,부산,기장,일광,삼성,산42,입산자실화추정,0.1,260,1155574.10328455,1698215.83790373
199912201450,월,199912201553,0103,부산,부산,기장,장안,용소,산22,입산자실화추정,0.7,1820,1158447.43811503,1707100.09609115
199912261457,일,199912261535,0038,부산,부산,기장,정관,두명,산13-2,입산자실화추정,0.16,442,1150074.11483978,1708168.16399338
199901011228,금,199901011430,0202,부산,부산,기장,기장,내,산11-3,농산폐기물소각,1,2740,1154720.11732561,1693156.74149
200002091245,수,200002091359,0114,부산,부산,기장,장안,덕선,산253,전기누전,1,2463,1157389.55446788,1705747.44553853
200102141342,수,200102141409,0027,부산,부산,기장,기장,내,산30-1,담뱃불실화추정,0.1,270,1155491.63249785,1692621.42156438
200103061045,화,200103061106,0021,부산,부산,기장,일광,원,산2,쓰레기소각,0.06,162,1158881.34422879,1702808.78540444
200103081345,목,200103081410,0025,부산,부산,기장,장안,기룡,산74-2,입산자실화추정,0.06,10,1159766.28937739,1709068.27636416
199902191440,금,199902191530,0050,남부,부산,기장,일광,용천,산252,입산자실화추정,0.6,0,1154341.3915172,1702246.17989657
200103200929,화,200103201028,0059,부산,부산,기장,일광,원,산72,논두렁소각,0.33,891,1157455.52024321,1703320.82834809
200004061405,목,200004061434,0029,부산,부산,기장,정관,두명,산77,성묘객실화,0.02,130,1151134.69259348,1707023.32348137
200603111538,토,200603111700,0122,부산,부산,중,영주,,산1-4,방화추정,0.02,400,1139627.09820858,1681174.42867481
200704291533,일,200704291702,0129,부산,부산,서,서대신3,,산40-1,입산자실화,0.07,178,1137140.4128957,1681190.06102894
200809161850,화,200809162130,0240,부산,부산,서,암남,,산193-4,낚시꾼실화추정,0.05,500,1138146.5361791,1674572.55827734
200603261840,일,200603262110,0230,부산,부산,서,암남,,산193,방화,0.16,462,1138258.28211305,1675015.58151059
200803111518,화,200803111555,0037,부산,부산,동,범일,,산64-100,담뱃불실화추정,0.03,0,1140943.4589785,1684055.86972108
200701300858,화,200701300915,0017,부산,부산,동,초량,,산31-3,입산자실화,0.01,50,1139503.95998259,1681957.59023615
200701311818,수,200701311930,0112,부산,부산,동,초량,,산53-1,방화추정,0.07,50,1139470.84614067,1681747.57538136
200702021059,금,200702021155,0056,부산,부산,동,수정,,산17-1,입산자실화,0.1,150,1140166.38270106,1683522.56522201
200702021849,금,200702021935,0046,부산,부산,동,범일,,산65-29,방화추정,0.01,150,1140371.49684782,1684427.71007092
200512280856,수,200512280940,0044,부산,부산,동,범일,,산65-121,담뱃불실화,0.15,433,1140558.29938026,1684074.63511325
200603042040,토,200603042156,0116,부산,부산,동,수정,,산26-1,방화추정,0.06,0,1139997.35316242,1682802.45200441
201201051139,목,201201051304,0125,부산,부산,동,초량동,,산25-1,등산객담뱃불실화,0.1,2560,1139622.75094946,1682471.32422905
201011061217,토,201011061336,0119,남부,부산,동,범일,,산65-121,입산자실화,0.05,4782,1140558.32536476,1684074.63498264
200901111401,일,200901120910,1909,부산,부산,영도,동삼,,산61-1,학생불장난,2,5000,1142894.33848662,1675912.8432907
200612311710,일,200612311800,0050,부산,부산,영도,동삼,,산149-10,입산자실화,0.01,750,1142231.53015062,1676548.12964987
200802121409,화,200802121451,0042,부산,부산,영도,동삼,,산43-5,담뱃불실화추정,0.1,1000,1143698.41360924,1676177.74933742
200802171040,일,200802171210,0130,부산,부산,영도,신선3,,산4-1,담뱃불실화추정,0.1,300,1141489.79526693,1677299.97859081
200512142131,수,200512142210,0039,부산,부산,영도,동삼,,산149-10,입산자실화추정,0.1,0,1142231.53015062,1676548.12964987
201002041501,목,201002041545,0044,부산,부산,영도,동삼,,산9-4,쓰레기소각,0.1,150,1143898.00680428,1675664.62232407
201002041501,목,201002041545,0044,부산,부산,영도,동삼,,산9-4,쓰레기소각,0.1,150,1143897.98181426,1675664.62145002
199301242000,일,199301242050,0050,부산,부산,영도,영선,,산10,어린이불장난,0.1,7,1141042.36768542,1676954.56497698
200802191549,화,200802191620,0031,부산,부산,부산진,초읍,,산68-2,쓰레기소각추정,0.01,0,1141217.26942472,1688024.97141322
200702271726,화,200702271815,0049,부산,부산,부산진,부암,,산92-1,입산자실화,0.01,40,1139548.77517397,1688059.83543628
200704241410,화,200704241530,0120,부산,부산,부산진,당감,,산34,담뱃불실화추정,0.2,450,1138160.5619911,1687390.88855484
200402151240,일,200402151315,0035,부산,부산,부산진,초읍,,산98-1,입산자실화추정,0.05,150,1139715.56859312,1689394.10135588
200501131752,목,200501131850,0058,부산,부산,부산진,초읍,,산128,담뱃불실화추정,0.08,50,1140407.31363971,1688133.34973239
200802161438,토,200802161620,0142,부산,부산,동래,온천,,산202-2,공장화재확산,0.7,1500,1142141.39462801,1691229.30953198
200402130030,금,200402130310,0240,부산,부산,동래,온천,,산131-1,담뱃불실화,0.5,1500,1142921.43412208,1692795.39101993
200402142300,토,200402150116,0216,부산,부산,동래,온천,,산133,담뱃불실화,0.1,400,1142499.86650126,1693104.50229198
200406111420,금,200406111510,0050,부산,부산,동래,온천,,산100,입산자실화추정,0.07,0,1142104.64774034,1693075.50862511
200501090700,일,200501090730,0030,부산,부산,동래,온천,,산133,담뱃불실화추정,0.03,200,1142499.86650126,1693104.50229198
201012062036,월,201012062105,0029,부산,부산,동래,명륜,,산26-1,입산자실화,0.01,1500,1144841.38814483,1691873.75234725
201002021810,화,201002021845,0035,부산,부산,동래,온천,,산190-8,담배불실화,0.01,70,1141383.96014762,1691692.0465028
201002021810,화,201002021845,0035,부산,부산,동래,온천,,산190-8,담배불실화,0.01,70,1141383.93516253,1691692.0466286
200901050036,월,200901050133,0057,부산,부산,남,용호,,산205,쓰레기소각,0.13,600,1147556.21736459,1679550.21970148
200904051326,일,200904051645,0319,부산,부산,남,대연,,산1-1,미상,1.8,12000,1145123.03667184,1685775.19824698
200702041558,일,200702041740,0142,부산,부산,남,대연,,산95-2,입산자실화,0.07,200,1145080.85474809,1684228.60446142
200603261334,일,200603261422,0048,부산,부산,남,대연,,산82,입산자실화추정,1,100,1144618.56891189,1684657.62866929
200510201032,목,200510201117,0045,부산,부산,남,용호,,산248-2,조명탄볼티추정,0.13,40,1146061.06483968,1679721.57512988
200510221428,토,200510221530,0102,부산,부산,남,대연,,산81,입산자실화추정,0.01,150,1144547.81667658,1684808.92249421
200604242208,월,200604260030,0222,부산,부산,남,용호,,산35-1,입산자실화,1,3000,1147479.24882445,1681869.03303384
200604281430,금,200604281505,0035,부산,부산,남,대연,,산54-52,입산자실화,0.05,700,1144805.19087637,1684787.9209106
200601031255,화,200601031330,0035,부산,부산,남,용호,,산208-2,쓰레기소각,0.1,50,1147186.54695187,1679720.30569369
200601280533,토,200601280700,0127,부산,부산,남,대연,,산54-53,입산자실화,0.1,300,1144900.40224908,1684749.39415552
200411191635,금,200411191730,0055,부산,부산,남,대연,,산88,입산자실화추정,0.1,284,1144846.34952747,1684529.54964996
200702030617,토,200702030700,0043,부산,부산,북,만덕,,산181,담뱃불실화추정,0.01,0,1139812.57426171,1691090.3829868
200511282236,월,200511282334,0058,부산,부산,북,만덕,,산224-1,담뱃불실화추정,0.02,0,1139317.02094791,1692193.90283513
200512022106,금,200512022210,0104,부산,부산,북,금곡,,산99,담뱃불실화,0.17,20,1138506.34622306,1698136.85634565
200601221650,일,200601221715,0025,부산,부산,북,구포,,산54-20,어린이불장난,0.03,5,1137622.36108148,1689760.29444279
200412231328,목,200412231400,0032,부산,부산,북,만덕,,산224-1,담뱃불실화,0.11,250,1139317.02094791,1692193.90283513
201005051358,수,201005051445,0047,부산,부산,북,화명,,산75,입산자실화추정,0.03,650,1139768.04961212,1693954.32709746
201011071735,일,201011071820,0045,부산,부산,북,화명,,산36-2,입산자실화,0.03,100,1139035.46091132,1696001.72567966
201005051358,수,201005051445,0047,부산,부산,북,화명,,산75,입산자실화추정,0.03,650,1139768.02462196,1693954.32622392
200802241410,일,200802241425,0015,부산,부산,해운대,우,,산148-72,담뱃불실화추정,0.01,0,1150213.72161027,1688385.01507959
200803011430,토,200803011550,0120,부산,부산,해운대,우,,산14,담뱃불실화추정,0.5,5000,1151530.54393007,1688366.41634611
200703111132,일,200703111216,0044,부산,부산,해운대,좌,,산1-1,담뱃불실화추정,0.01,300,1151322.33750446,1690558.17683779
200703222010,목,200703222050,0040,부산,부산,해운대,반송,,산81,입산자실화,0.01,100,1149606.46953365,1693902.90344653
200903151344,일,200903151423,0039,부산,부산,해운대,우,,산148-1,등산객실화추정,0.01,0,1150720.52584405,1689734.73361639
200701131243,토,200701131324,0041,부산,부산,해운대,우,,산88-1,담뱃불실화추정,0.3,650,1150990.36338948,1687399.69814907
200711201320,화,200711201430,0110,부산,부산,해운대,좌,,산1-1,입산자실화,0.66,1100,1151322.33750446,1690558.17683779
200712081313,토,200712081434,0121,부산,부산,해운대,반송,,산16-2,용접부주의실화,0.13,500,1150356.69715454,1694329.7574555
200512082228,목,200512082300,0032,부산,부산,해운대,반여,,산150-1,입산자실화추정,0.1,29,1148091.31725015,1690368.79598742
200601062052,금,200601070810,1118,부산,부산,해운대,우,,산148-1,입산자실화,0.1,280,1150720.52584405,1689734.73361639
200603211337,화,200603211405,0028,부산,부산,해운대,우,,산135-1,담뱃불실화추정,0.04,300,1150293.28099831,1686849.68289977
200501141500,금,200501141530,0030,부산,부산,해운대,반여,,산121,담뱃불실화추정,0.01,30,1148294.94115028,1691182.72770234
201203261553,월,201203261705,0112,부산,부산,해운대,반송동,,산51-160,중학생불장난,0.15,3840,1150965.13152978,1693243.08713316
201005011550,토,201005011645,0055,부산,부산,해운대,우,,산149-50,입산자실화추정,0.07,1491,1149068.87465977,1688287.43944261
201005051515,수,201005051550,0035,부산,부산,해운대,우,,산100,입산자실화추정,0.03,600,1150431.4187889,1687476.76269689
201006141040,월,201006141402,0322,부산,부산,해운대,우,,산149-1,입산자실화추정,0.1,2500,1149426.96920941,1688393.20822353
201012051250,일,201012051330,0040,부산,부산,해운대,우,,산148-76,입산자실화,0.01,4352,1150153.97428939,1687043.45627608
201012261203,일,201012261240,0037,남부,부산,해운대,우,,산148-71,입산자실화,0.1,2665,1150848.78336731,1688696.14262794
201006141040,월,201006141402,0322,부산,부산,해운대,우,,산149-1,입산자실화추정,0.1,2500,1149426.94421953,1688393.20734985
201003211354,일,201003211445,0051,부산,부산,해운대,반송,,산136,입산자실화,0.03,15,1149532.72132966,1695109.51338124
200912051926,토,200912052150,0224,부산,부산,해운대,반송,,산51-100,입산자실화,0.12,1200,1150772.20385722,1693476.01386819
201003211354,일,201003211445,0051,부산,부산,해운대,반송,,산136,입산자실화,0.03,15,1149532.69534541,1695109.51351218
200912161325,수,200912161425,0100,부산,부산,해운대,우1,,산137,입산자실화,0.06,240,1150058.58321497,1686866.5082968
201005011550,토,201005011645,0055,부산,부산,해운대,우,,산149-50,입산자실화추정,0.07,1491,1149068.84867048,1688287.43857396
201005051515,수,201005051550,0035,부산,부산,해운대,우,,산100,입산자실화추정,0.03,600,1150431.39380407,1687476.76282258
200901011627,목,200901011743,0116,부산,부산,사하,장림,,산1-1,입산자실화추정,0.12,180,1135333.91618985,1676513.37729753
200901061551,화,200901061610,0019,부산,부산,사하,감천,,산66-9,입산자실화추정,0.01,0,1136914.01124526,1678936.61176279
200801160255,수,200801160519,0224,부산,부산,사하,구평,,산110,공장화재비화,0.1,20,1135292.23281395,1676041.12156338
200501211100,금,200501211228,0128,부산,부산,사하,괴정,,산153,담뱃불실화추정,0.3,400,1136018.52551055,1679873.09610935
200503251411,금,200503251430,0019,부산,부산,사하,구평,,산26,담뱃불실화추정,0.06,150,1135488.91388545,1677994.45749573
200503251541,금,200503251630,0049,부산,부산,사하,신평,,산48-1,담뱃불실화추정,0.08,250,1134952.66535485,1678328.42508577
200602260000,일,200602262027,2027,부산,부산,사하,감천,,산97-3,담뱃불실화추정,0.1,0,1137747.78751597,1678982.89099103
201203111645,일,201203111830,0145,부산,부산,사하,다대동,,산1-16 외 1,낚시군실화,0.4,10000,1135581.62403653,1674913.70952496
201012241400,금,201012241500,0100,부산,부산,사하,하단,,산16-17,입산자실화,0.45,7300,1134179.15759918,1680894.93872302
200910241540,토,200910241715,0135,부산,부산,사하,신평,,산77-3,입산자실화추정,0.25,250,1133810.8849102,1679087.56909792
200904101429,금,200904101520,0051,부산,부산,금정,청룡,,산27-12,입산자실화추정,0.1,300,1145003.87143157,1698806.65645426
200802201525,수,200802201545,0020,부산,부산,금정,노포,,산1-6,담뱃불실화추정,0.01,10,1145268.52789164,1700954.32122875
200901051942,월,200901060048,0506,부산,부산,금정,구서,,산164,입산자실화추정,0.8,5000,1143258.23204337,1695981.65963639
200901131457,화,200901131550,0053,부산,부산,금정,금성,,산22-4,입산자실화,0.06,100,1141624.41968684,1696423.41600553
200704061427,금,200704061510,0043,부산,부산,금정,부곡,,산13-7,입산자실화,0.02,25,1145676.23582185,1694964.13751433
200804041130,금,200804041210,0040,부산,부산,금정,금사,,산52,입산자실화,0.05,0,1146212.62572217,1693198.39515671
200701201750,토,200701201815,0025,부산,부산,금정,회동,,산120-1,입산자실화,0.06,200,1146816.96940109,1693511.22563216
200904031021,금,200904031045,0024,부산,부산,금정,금성,,산10-1,쓰레기소각,0.01,100,1141189.03660475,1696441.26955983
200701301732,화,200701301922,0150,부산,부산,금정,회동,,산5-1,입산자실화,0.4,600,1148816.72160237,1696013.36926254
200702010211,목,200702010318,0107,부산,부산,금정,회동,,산5-1,방화추정,0.02,50,1148816.72160237,1696013.36926254
200702030841,토,200702030937,0056,부산,부산,금정,구서,,산163,입산자실화,0.03,100,1143837.96803096,1695954.25086353
200711251525,일,200711251550,0025,부산,부산,금정,서,,산92,담뱃불실화추정,0.02,25,1145802.78789181,1693095.55995364
200802061635,수,200802061712,0037,부산,부산,금정,두구,,산27,쓰레기소각추정,0.2,300,1147045.18678424,1700820.75794823
200802070917,목,200802070949,0032,부산,부산,금정,금성,,산5-1,입산자실화,0.15,100,1142295.24019963,1696955.65309538
200604281243,금,200604281335,0052,부산,부산,금정,금성,,산5-1,어린이불장난추정,1,0,1142295.24019963,1696955.65309538
200401251320,일,200401251420,0100,부산,부산,금정,선,,산80,산림과 인접한 가건물발화,1.5,4050,1147056.43691566,1697966.98029502
200406131129,일,200406131220,0051,부산,부산,금정,두구,,산30,담뱃불실화,0.07,400,1147209.54054416,1700867.2563522
200501091528,일,200501091609,0041,부산,부산,금정,회동,,산44-1,어린이불장난,0.04,400,1147680.21423302,1694335.32977985
200501131700,목,200501131735,0035,부산,부산,금정,서,,산78,담뱃불실화추정,0.03,70,1145702.60800918,1693070.23142988
201104121530,화,201104121600,1230,부산,부산,금정,선,,산11,밭두렁소각,0.3,6000,1147154.06564927,1699042.76292109
201001190515,화,201001190620,0105,부산,부산,금정,오륜,,산130,입산자실화추정,0.06,100,1146723.44651777,1696062.42031893
201012092009,목,201012092139,0130,부산,부산,금정,청룡,,산2-1,입산자실화,0.3,2000,1142282.98381311,1699944.92639901
201012102009,금,201012102140,0131,부산,부산,금정,청룡,,산2-1,입산자실화,0.5,3000,1142282.98381311,1699944.92639901
200905091745,토,200905091920,0135,부산,부산,금정,회동,,산5-1,입산자실화추정,0.03,150,1148816.72260177,1696013.3692575
200912171439,목,200912171600,0121,부산,부산,금정,장전,,산46-2,무속행위실화,0.07,150,1142554.56675566,1693506.22343599
201001190515,화,201001190620,0105,부산,부산,금정,오륜,,산130,입산자실화추정,0.06,100,1146723.4215278,1696062.41944546
200901101450,토,200901101550,0100,부산,부산,강서,미음,,산110,쓰레기소각추정,0.3,700,1123564.02591964,1686323.56046863
200811141630,금,200811141715,0045,부산,부산,강서,미음,,산16,입산자실화,0.03,0,1123431.58480787,1685915.66688568
200501221656,토,200501221720,0024,부산,부산,강서,천성,,산125,건물화재비화,0.03,80,1119946.34198223,1672207.60297181
200502231655,수,200502231733,0038,부산,부산,강서,녹산,,산14-2,건물화재비화,0.06,80,1126321.605502,1681651.68587224
200406151210,화,200406151240,0030,부산,부산,강서,화전,,산14,입산자실화추정,0.03,0,1123764.30746163,1679801.40524065
200412221105,수,200412221225,0120,부산,부산,강서,녹산,,산23-1,쓰레기소각,1,2840,1126260.88006118,1680990.67798239
201004301054,금,201004301210,0116,부산,부산,강서,지사,,산2-2,입산자실화추정,0.03,0,1122840.45560524,1684352.4383241
201103251430,금,201103260900,0630,부산,부산,강서,지사,,산58,입산자실화추정,18,0,1120395.13209432,1684906.81125834
201004301054,금,201004301210,0116,부산,부산,강서,지사,,산2-2,입산자실화추정,0.03,0,1122840.4296152,1684352.43745528
200802241210,일,200802241300,0050,부산,부산,연제,연산,,산38-1,담뱃불실화추정,0.01,100,1145128.44613736,1688409.18063776
200803171930,월,200803171950,0020,부산,부산,연제,거제,,산126,담뱃불실화추정,0.03,0,1141387.74778048,1689469.52521046
200402180219,수,200402180449,0230,부산,부산,연제,연산,,산140,입산자실화추정,0.23,650,1144910.66588457,1688225.10701641
201210081143,월,201210081510,0327,,부산,수영구,광안동,,산35-2,등산객실화,0.05,0,1145931.27183055,1686168.14192726
200901121530,월,200901121740,0210,부산,부산,사상,학장,,산112-1,입산자실화추정,0.3,1350,1136166.09226625,1683637.89215467
200703111710,일,200703111830,0120,남부,부산,사상,모라,,산31,입산자실화,0.1,1000,1137223.74052476,1688623.51648164
200704292030,일,200704292340,0310,부산,부산,사상,학장,,산165,입산자실화,2,10000,1135756.40250247,1682545.51930498
200512261624,월,200512261650,0026,부산,부산,사상,모라,,산45-5,입산자실화추정,0.1,45,1136056.95445112,1688355.14038412
200512271605,화,200512271705,0100,부산,부산,사상,덕포,,산10,입산자실화추정,0.05,0,1135808.01504455,1687864.60699625
200512271800,화,200512271820,0020,부산,부산,사상,모라,,산45-5,입산자실화추정,0.01,5,1136056.95445112,1688355.14038412
200401252120,일,200401252330,0210,부산,부산,사상,모라,,산92,입산자실화추정,0.5,1350,1136626.0615931,1689151.31444105
200401261914,월,200401262300,0346,부산,부산,사상,모라,,산93,입산자실화추정,0.06,180,1137026.54473325,1689100.09105794
200402050905,목,200402051045,0140,부산,부산,사상,엄궁,,산59,입산자실화추정,2,2720,1135396.07968819,1682349.08187673
200402191408,목,200402191555,0147,부산,부산,사상,학장,,산112,입산자실화추정,1,2850,1136166.09226625,1683637.89215467
200904100950,금,200904101130,0140,부산,부산,기장,일광,원,산138-5,입산자실화추정,0.15,380,1156136.79817229,1702846.21089378
200802230810,토,200802230900,0050,부산,부산,기장,철마,구칠,산24,담뱃불실화추정,0.16,128,1152092.74910621,1698136.2470712
200901041433,일,200901041452,0019,부산,부산,기장,철마,웅천,산244-1,밭두렁소각,0.01,0,1152582.08886449,1701132.64598336
200904110530,토,200904110655,0125,부산,부산,기장,장안,덕선,산259,방화추정,0.03,0,1157795.31881063,1705620.33067905
200904111220,토,200904111430,0210,부산,부산,기장,철마,연구,산80,논두렁소각추정,1.2,3000,1150966.59356998,1699614.55229418
200904221520,수,200904221555,0035,부산,부산,기장,기장,내,산60,입산자실화추정,0.01,0,1154481.39455978,1693032.77434837
200902211641,토,200902211730,0049,부산,부산,기장,정관,두명,산29,움막화재확산,0.01,0,1150182.38212301,1708033.1319878
200605311245,수,200605311420,0135,부산,부산,기장,정관,용수,산29,입산자실화,0.06,175,1153135.31472751,1705666.41946183
200704031405,화,200704031430,0025,부산,부산,기장,철마,이곡,산80-1,논밭두렁소각,0.06,170,1152887.71720283,1699685.93734155
200804031530,목,200804031558,0028,부산,부산,기장,철마,이곡,산37-1,입산자실화,0.15,25,1152397.67859331,1699135.53406399
200704081515,일,200704081640,0125,부산,부산,기장,정관,용수,산75,입산자실화,0.5,428,1152172.52844277,1706361.55880619
200611150450,수,200611150720,0230,부산,부산,기장,철마,고촌,산84,쓰레기소각추정,0.33,85,1151394.81013482,1696294.02919551
200903151239,일,200903151325,0046,부산,부산,기장,장안,오,산3,논두렁소각,0.03,300,1160410.9377709,1710214.85132817
200704232130,월,200704232320,0150,남부,부산,기장,일광,용천,산252,입산자실화,0.15,428,1154341.3915172,1702246.17989657
200704280632,토,200704280805,0133,부산,부산,기장,장안,장안,산53-1,입산자실화,0.03,0,1157055.39180506,1710413.71484342
200804211900,월,200804212030,0130,남부,부산,기장,일광,용천,산252,입산자실화,0.2,0,1154341.3915172,1702246.17989657
200701131530,토,200701131650,0120,부산,부산,기장,철마,임기,산102,담뱃불실화추정,0.2,0,1149657.08068981,1703445.73766518
200903281431,토,200903281525,0054,부산,부산,기장,철마,고촌,산95-2,입산자실화,0.09,150,1150898.32183863,1695191.55816451
200701221201,월,200701221237,0036,부산,부산,기장,철마,백길,산41-1,입산자실화,0.08,2333,1150362.44399128,1699753.01598765
200701252109,목,200701252148,0039,부산,부산,기장,일광,원,산53,논밭두렁소각,0.13,80,1157942.01166561,1702767.95102033
200701261808,금,200701261825,0017,부산,부산,기장,일광,원,산49,쓰레기소각,0.06,17,1157847.08718511,1702632.63029687
200701281220,일,200701281255,0035,부산,부산,기장,기장,서부,산9-1,입산자실화,0.01,0,1154381.43908261,1695790.52037477
200701291145,월,200701291216,0031,부산,부산,기장,기장,연화,산53-15,논밭두렁소각,0.05,100,1156516.13643212,1692528.44936624
200711141750,수,200711141955,0205,부산,부산,기장,철마,임기,산102,입산자실화,0.1,0,1149657.08068981,1703445.73766518
200712070015,금,200712070210,0155,부산,부산,기장,정관,모전,산108-2,입산자실화,0.66,173,1150473.78148191,1705148.5808618
200904061400,월,200904061910,0510,부산,부산,기장,장안,덕선,산258,축사화재,5,12900,1157722.84384549,1705716.74612226
200702121103,월,200702121126,0023,부산,부산,기장,기장,내,산49,논밭두렁소각,0.02,50,1154856.34923064,1692113.93184291
200811181640,화,200811181740,0100,부산,부산,기장,철마,송정,산31,송전선로절단,0.03,85,1147458.82533805,1702978.28913765
200904090730,목,200904090800,0030,부산,부산,기장,장안,덕선,산6,입산자실화추정,0.01,0,1157303.72567215,1706191.53469115
200504291215,금,200504291350,0135,부산,부산,기장,기장,대변,산5-1,입산자실화추정,0.6,620,1158157.33210163,1694050.66484545
200502271315,일,200502271349,0034,부산,부산,기장,일광,용천,557,입산자실화추정,0.13,350,1154938.45556786,1700315.77010489
200605022115,화,200605022200,0045,부산,부산,기장,일광,이천,산34-13,쓰레기소각,0.17,250,1158928.65206473,1699691.23436832
200512221102,목,200512221153,0051,부산,부산,기장,장안,임랑,산39-1,입산자실화추정,0.5,145,1159938.09817079,1703954.5812095
200401211942,수,200401212125,0143,부산,부산,기장,일광,동백,산35,담뱃불실화,0.2,400,1159093.21365969,1700415.87422201
200512301050,금,200512301130,0040,부산,부산,기장,정관,매학,산81,논밭두렁소각,0.06,175,1151182.56367751,1704131.64835329
200402071310,토,200402071335,0025,부산,부산,기장,장안,명례,산99,담뱃불실화추정,0.06,100,1159062.09780931,1710293.48703589
200602040620,토,200602040730,0110,부산,부산,기장,철마,고촌,산19,방화추정,0.12,35,1152019.80786816,1695908.60697272
200402140940,토,200402141021,0041,부산,부산,기장,철마,안평,산7,입산자실화추정,0.33,800,1153695.90534199,1696124.57091671
200402141200,토,200402141223,0023,부산,부산,기장,기장,내,산45,쓰레기소각,0.02,100,1154875.38487263,1691957.10996104
200402150045,일,200402150205,0120,부산,부산,기장,일광,이천,산35-2,담뱃불실화,1,2000,1157810.24115161,1698975.08998345
200402181530,수,200402181635,0105,부산,부산,기장,장안,임랑,산28-3,입산자실화추정,0.45,1200,1160416.29116307,1704178.09775532
200406151500,화,200406151600,0100,부산,부산,기장,철마,임기,산146,쓰레기소각,0.1,400,1147512.95596895,1704035.60632083
200603121515,일,200603121535,0020,부산,부산,기장,철마,안평,산15,쓰레기소각,0.03,0,1152969.51417448,1696082.31202695
200412171313,금,200412171440,0127,부산,부산,기장,철마,와여,산105,담뱃불실화추정,0.17,300,1150014.26288817,1699721.40872164
200412191027,일,200412191110,0043,부산,부산,기장,장안,장안,산4-4,담뱃불실화추정,0.03,100,1159459.08694196,1709044.11748632
201004301210,금,201004301245,0035,부산,부산,기장,일광,화전,산18-6,입산자실화추정,0.03,861,1157190.12732373,1700675.81933331
201002031545,수,201002031640,0055,부산,부산,기장,장안,덕선,산1,공사장인부실화,0.05,0,1157001.51199869,1706517.22451969
201002211202,일,201002211300,0058,부산,부산,기장,철마,장전,산180-2,논밭두렁소각추정,0.1,0,1148865.53364166,1698081.55859175
201103101510,목,201103101524,1214,부산,부산,기장,철마,장전,산180-79,논밭두렁소각,0.5,14460,1149779.54912856,1698239.92603926
201012260330,일,201012260452,0122,부산,부산,기장,철마,이곡,산80-13,입산자실화,0.5,7000,1153465.28228632,1699083.95240878
201101171305,월,201101171353,1248,부산,부산,기장,철마,웅천,142-2,논밭두렁소각,0.5,16000,1152390.99055534,1701304.38455483
200905040040,월,200905040200,0120,부산,부산,기장,장안,오,산194-1,방화추정,0.1,0,1160133.99257397,1709396.63204884
199304181255,일,199304181655,0400,남부,부산,기장,철마,안평,산112-1,입산자실화추정,10,1201,1152688.91090644,1693917.25029424
201004301210,금,201004301245,0035,부산,부산,기장,일광,화전,산18-6,입산자실화추정,0.03,861,1157190.10133466,1700675.81846503
201002211202,일,201002211300,0058,부산,부산,기장,철마,장전,산180-2,논밭두렁소각추정,0.1,0,1148844.08924129,1698087.73520438
200912201155,일,200912201330,0135,부산,부산,기장,장안,덕선,산80,입산자실화추정,1,3900,1155706.54763291,1706968.84736091
201002031545,수,201002031640,0055,부산,부산,기장,장안,덕선,산1,공사장인부실화,0.05,0,1157001.48601465,1706517.22465096
202003210845,,,,부산,부산광역시,서구,서대신동3가,,산61,,,,1137462.1537,1683107.1955
202003210847,,,,부산,부산광역시,서구,서대신동3가,,산61,,,,1137465.0411,1683115.1158
202011111108,,,,부산,부산광역시,서구,서대신동3가,,산60,,,,1137578.9661,1683119.7993
202011111229,,,,부산,부산광역시,서구,서대신동3가,,산60,,,,1137725.9517,1682869.5764
202011111213,,,,부산,부산광역시,서구,서대신동3가,,산60,,,,1137731.4723,1682854.1291
202101131050,,,,부산,부산광역시,서구,서대신동3가,,산2-1,,,,1138144.7602,1681778.2199
202101181815,,,,부산,부산광역시,서구,토성동1가,,29,,,,1138916.6819,1679200.1685
202007051941,,,,부산,부산광역시,동구,초량동,,1206-1,,,,1140169.117,1680737.1056
202010141037,,,,부산,부산광역시,동구,수정동,,산35-22,,,,1139942.0302,1682516.991
202010141055,,,,부산,부산광역시,동구,수정동,,산35-22,,,,1139962.2378,1682560.0141
202010141340,,,,부산,부산광역시,동구,수정동,,산35-22,,,,1139929.4629,1682522.2331
202010141340,,,,부산,부산광역시,동구,수정동,,산35-3,,,,1139930.9015,1682517.5959
202010141347,,,,부산,부산광역시,동구,수정동,,산35-22,,,,1139932.229,1682520.1679
202010141347,,,,부산,부산광역시,동구,수정동,,산35-3,,,,1139924.2621,1682498.9667
202010141348,,,,부산,부산광역시,동구,수정동,,산35-44,,,,1139939.4609,1682506.3012
202010141352,,,,부산,부산광역시,동구,수정동,,산35-22,,,,1139924.322,1682495.0848
202010141352,,,,부산,부산광역시,동구,수정동,,산35-22,,,,1139949.1059,1682507.3376
202010141415,,,,부산,부산광역시,동구,수정동,,산35-23,,,,1139923.1791,1682569.1741
202010141448,,,,부산,부산광역시,동구,수정동,,산35-22,,,,1139921.1773,1682515.7818
202010141040,,,,부산,부산광역시,동구,수정동,,산35-22,,,,1139956.396,1682489.6999
202010141042,,,,부산,부산광역시,동구,수정동,,산35-3,,,,1139946.6923,1682486.5548
202010141044,,,,부산,부산광역시,동구,수정동,,산35-22,,,,1139940.7489,1682511.4243
202010141050,,,,부산,부산광역시,동구,수정동,,산35-22,,,,1139964.878,1682477.5166
202010141050,,,,부산,부산광역시,동구,수정동,,산35-22,,,,1139943.6383,1682501.3735
202010141051,,,,부산,부산광역시,동구,수정동,,산35-22,,,,1139937.5717,1682534.2286
202010141056,,,,부산,부산광역시,동구,수정동,,산35-22,,,,1139937.7411,1682523.2483
202010141056,,,,부산,부산광역시,동구,수정동,,산35-22,,,,1139937.7411,1682523.2483
202010141104,,,,부산,부산광역시,동구,수정동,,산35-3,,,,1139946.1498,1682521.714
202010141109,,,,부산,부산광역시,동구,수정동,,산35-22,,,,1139940.612,1682520.2973
202010141109,,,,부산,부산광역시,동구,수정동,,산35-22,,,,1139940.612,1682520.2973
202010141110,,,,부산,부산광역시,동구,수정동,,산35-23,,,,1139937.8712,1682514.819
202010141111,,,,부산,부산광역시,동구,수정동,,산35-3,,,,1139939.4335,1682508.0758
202010141111,,,,부산,부산광역시,동구,수정동,,산35-3,,,,1139939.4335,1682508.0758
202010141319,,,,부산,부산광역시,동구,수정동,,산35-22,,,,1139945.4761,1682476.7735
202010141040,,,,부산,부산광역시,동구,수정동,,산35-22,,,,1139956.396,1682489.6999
202010141041,,,,부산,부산광역시,동구,수정동,,산35-23,,,,1139926.5338,1682528.9551
202010141347,,,,부산,부산광역시,동구,수정동,,산35-3,,,,1139924.2621,1682498.9667
202010141348,,,,부산,부산광역시,동구,수정동,,산35-3,,,,1139926.7151,1682517.1985
202010141400,,,,부산,부산광역시,동구,수정동,,산35-3,,,,1139929.3516,1682529.4424
202010141400,,,,부산,부산광역시,동구,수정동,,산35-22,,,,1139937.8387,1682516.9263
202010141410,,,,부산,부산광역시,동구,수정동,,산35-23,,,,1139929.3516,1682529.4424
202010141411,,,,부산,부산광역시,동구,수정동,,산35-22,,,,1139939.4934,1682504.1939
202010141421,,,,부산,부산광역시,동구,수정동,,산35-23,,,,1139919.8499,1682513.2097
202010141421,,,,부산,부산광역시,동구,수정동,,산35-23,,,,1139915.0903,1682549.9679
202010141422,,,,부산,부산광역시,동구,수정동,,산35-22,,,,1139936.3486,1682524.8909
202010141432,,,,부산,부산광역시,동구,수정동,,산35-22,,,,1139944.985,1682508.6052
202010141432,,,,부산,부산광역시,동구,수정동,,산35-22,,,,1139944.985,1682508.6052
202010141432,,,,부산,부산광역시,동구,수정동,,산35-22,,,,1139921.1773,1682515.7818
202010141440,,,,부산,부산광역시,동구,수정동,,산35-3,,,,1139964.5374,1682499.5881
202010140952,,,,부산,부산광역시,동구,수정동,,산35-3,,,,1139953.8383,1682472.354
202010141037,,,,부산,부산광역시,동구,수정동,,산35-22,,,,1139942.0302,1682516.991
202010141038,,,,부산,부산광역시,동구,수정동,,산35-22,,,,1139943.5869,1682504.7008
202010141038,,,,부산,부산광역시,동구,수정동,,산35-22,,,,1139943.5869,1682504.7008
202010141038,,,,부산,부산광역시,동구,수정동,,산35-3,,,,1139947.6604,1682512.4184
202010141039,,,,부산,부산광역시,동구,수정동,,산35-22,,,,1139937.7206,1682524.5793
202010141042,,,,부산,부산광역시,동구,수정동,,산35-3,,,,1139946.6923,1682486.5548
202010141042,,,,부산,부산광역시,동구,수정동,,산35-22,,,,1139916.7963,1682533.9081
202010141044,,,,부산,부산광역시,동구,수정동,,산35-22,,,,1139940.7489,1682511.4243
202010141044,,,,부산,부산광역시,동구,수정동,,산35-22,,,,1139932.2803,1682516.8406
202010141044,,,,부산,부산광역시,동구,수정동,,산35-22,,,,1139932.2803,1682516.8406
202010141044,,,,부산,부산광역시,동구,수정동,,산35-22,,,,1139943.45,1682513.5738
202010141044,,,,부산,부산광역시,동구,수정동,,산35-22,,,,1139943.45,1682513.5738
202010141045,,,,부산,부산광역시,동구,수정동,,산35-23,,,,1139925.5708,1682502.7588
202010141045,,,,부산,부산광역시,동구,수정동,,산35-23,,,,1139925.5708,1682502.7588
202010141048,,,,부산,부산광역시,동구,수정동,,산35-22,,,,1139940.7609,1682510.6479
202010141103,,,,부산,부산광역시,동구,수정동,,산35-23,,,,1139939.3753,1682511.8469
202010141110,,,,부산,부산광역시,동구,수정동,,산35-23,,,,1139937.8712,1682514.819
202010141340,,,,부산,부산광역시,동구,수정동,,산35-22,,,,1139929.4629,1682522.2331
202010141340,,,,부산,부산광역시,동구,수정동,,산35-3,,,,1139930.9015,1682517.5959
202010141340,,,,부산,부산광역시,동구,수정동,,산35-47,,,,1139948.6285,1682538.282
202010141347,,,,부산,부산광역시,동구,수정동,,산35-22,,,,1139924.4589,1682486.2118
202010141352,,,,부산,부산광역시,동구,수정동,,산35-22,,,,1139950.2695,1682526.4369
202010141352,,,,부산,부산광역시,동구,수정동,,산35-22,,,,1139939.4609,1682506.3012
202010141353,,,,부산,부산광역시,동구,수정동,,산35-22,,,,1139942.1021,1682512.3327
202010141400,,,,부산,부산광역시,동구,수정동,,산35-22,,,,1139921.1517,1682517.4455
202010141400,,,,부산,부산광역시,동구,수정동,,산35-22,,,,1139921.1517,1682517.4455
202010141400,,,,부산,부산광역시,동구,수정동,,산35-3,,,,1139929.3516,1682529.4424
202010141400,,,,부산,부산광역시,동구,수정동,,산35-22,,,,1139937.8387,1682516.9263
202010141410,,,,부산,부산광역시,동구,수정동,,산35-22,,,,1139923.1791,1682569.1741
202010141410,,,,부산,부산광역시,동구,수정동,,산35-23,,,,1139929.3516,1682529.4424
202010141410,,,,부산,부산광역시,동구,수정동,,산35-22,,,,1139921.1517,1682517.4455
202010141410,,,,부산,부산광역시,동구,수정동,,산35-22,,,,1139921.1517,1682517.4455
202010141430,,,,부산,부산광역시,동구,수정동,,산35-3,,,,1139931.1479,1682501.6245
202010141430,,,,부산,부산광역시,동구,수정동,,산35-23,,,,1139964.5374,1682499.5881
202010141430,,,,부산,부산광역시,동구,수정동,,산35-23,,,,1139964.5374,1682499.5881
202010141430,,,,경기,경기도,의정부시,의정부동,,617,,,,1139929.711,1682506.1508
202010141440,,,,부산,부산광역시,동구,수정동,,산35-3,,,,1139964.5374,1682499.5881
202010141440,,,,부산,부산광역시,동구,수정동,,산35-22,,,,1139921.1773,1682515.7818
202010141440,,,,부산,부산광역시,동구,수정동,,산35-22,,,,1139945.0449,1682504.7233
202010141448,,,,부산,부산광역시,동구,수정동,,산35-22,,,,1139921.1773,1682515.7818
202010141448,,,,부산,부산광역시,동구,수정동,,산35-22,,,,1139937.9567,1682509.2734
202010141449,,,,부산,부산광역시,동구,수정동,,산35-22,,,,1139937.9567,1682509.2734
202010140952,,,,부산,부산광역시,동구,수정동,,산35-3,,,,1139953.8383,1682472.354
202010141348,,,,부산,부산광역시,동구,수정동,,산35-3,,,,1139926.7151,1682517.1985
202010141055,,,,부산,부산광역시,동구,수정동,,산35-22,,,,1139946.1498,1682521.714
202010141055,,,,부산,부산광역시,동구,수정동,,산35-23,,,,1139938.9509,1682539.3531
202010141055,,,,부산,부산광역시,동구,수정동,,산35-22,,,,1139962.2378,1682560.0141
202010141103,,,,부산,부산광역시,동구,수정동,,산35-22,,,,1139935.0438,1682432.2371
202010141103,,,,부산,부산광역시,동구,수정동,,산35-3,,,,1139950.2952,1682524.7733
202010141103,,,,부산,부산광역시,동구,수정동,,산35-3,,,,1139933.8888,1682507.1028
202010141353,,,,부산,부산광역시,동구,수정동,,산35-22,,,,1139942.1021,1682512.3327
202010141042,,,,부산,부산광역시,동구,수정동,,산35-22,,,,1139916.7963,1682533.9081
202010141053,,,,부산,부산광역시,동구,수정동,,산35-22,,,,1139940.8328,1682505.9896
202010141103,,,,부산,부산광역시,동구,수정동,,산35-22,,,,1139935.0438,1682432.2371
202010141103,,,,부산,부산광역시,동구,수정동,,산35-3,,,,1139933.8888,1682507.1028
202010141103,,,,부산,부산광역시,동구,수정동,,산35-23,,,,1139939.3753,1682511.8469
202010141109,,,,부산,부산광역시,동구,수정동,,산35-22,,,,1139932.1965,1682522.2753
202010141400,,,,부산,부산광역시,동구,수정동,,산35-22,,,,1139939.4934,1682504.1939
202010141448,,,,부산,부산광역시,동구,수정동,,산35-3,,,,1139915.5933,1682517.3597
202010141347,,,,부산,부산광역시,동구,수정동,,산35-22,,,,1139924.4589,1682486.2118
202010141348,,,,부산,부산광역시,동구,수정동,,산35-44,,,,1139939.4609,1682506.3012
202010141352,,,,부산,부산광역시,동구,수정동,,산35-22,,,,1139950.2695,1682526.4369
202010141352,,,,부산,부산광역시,동구,수정동,,산35-22,,,,1139924.322,1682495.0848
202010141352,,,,부산,부산광역시,동구,수정동,,산35-22,,,,1139939.4609,1682506.3012
202010141352,,,,부산,부산광역시,동구,수정동,,산35-22,,,,1139949.1059,1682507.3376
202010141415,,,,부산,부산광역시,동구,수정동,,산35-23,,,,1139908.3671,1682536.7734
202010141415,,,,부산,부산광역시,동구,수정동,,산35-23,,,,1139923.1791,1682569.1741
202010141432,,,,부산,부산광역시,동구,수정동,,산35-22,,,,1139921.1773,1682515.7818
202010141440,,,,부산,부산광역시,동구,수정동,,산35-22,,,,1139946.1379,1682522.4904
202010141440,,,,부산,부산광역시,동구,수정동,,산35-22,,,,1139921.1773,1682515.7818
202010141448,,,,부산,부산광역시,동구,수정동,,산35-22,,,,1139945.0449,1682504.7233
202010141448,,,,부산,부산광역시,동구,수정동,,산35-3,,,,1139911.5831,1682505.5384
202004051626,,,,부산,부산광역시,영도구,신선동2가,,131-31,,,,1141311.6309,1677990.0627
202004051535,,,,부산,부산광역시,영도구,신선동3가,,산4-28,,,,1141358.5067,1677487.0169
202004051540,,,,부산,부산광역시,영도구,신선동2가,,183-1,,,,1141333.6046,1677901.9046
202004051540,,,,부산,부산광역시,영도구,신선동2가,,131-11,,,,1141319.5893,1677975.2349
202012200045,,,,부산,부산광역시,영도구,남항동3가,,30-18,,,,1140021.7663,1677874.2945
202101111210,,,,부산,부산광역시,부산진구,당감동,,791,,,,1139230.1159,1686969.069
202101191606,,,,부산,부산광역시,부산진구,가야동,,464-115,,,,1139494.2483,1683802.7474
202006071325,,,,부산,부산광역시,동래구,온천동,,1702,,,,1142043.7741,1691733.4167
202009241406,,,,부산,부산광역시,동래구,온천동,,1114-3,,,,1141997.5066,1692002.5126
202009241411,,,,부산,부산광역시,동래구,온천동,,1114-3,,,,1141996.1813,1691999.9401
202009241402,,,,부산,부산광역시,동래구,온천동,,1114-3,,,,1141994.8891,1691995.2603
202009241402,,,,부산,부산광역시,동래구,온천동,,1114-3,,,,1141990.5434,1692005.2877
202009241404,,,,부산,부산광역시,동래구,온천동,,1114-3,,,,1141997.5066,1692002.5126
202009241406,,,,부산,부산광역시,동래구,온천동,,1114-3,,,,1141997.5066,1692002.5126
202009241408,,,,부산,부산광역시,동래구,온천동,,1114-3,,,,1141994.809,1692000.3623
202009241408,,,,부산,부산광역시,동래구,온천동,,1114-3,,,,1141990.5835,1692002.7367
202009241409,,,,부산,부산광역시,동래구,온천동,,1114-3,,,,1141994.7706,1692002.8024
202009241409,,,,부산,부산광역시,동래구,온천동,,1114-3,,,,1141996.1883,1691999.4964
202009241410,,,,부산,부산광역시,동래구,온천동,,1114-3,,,,1141994.7428,1692004.5771
202009241402,,,,부산,부산광역시,동래구,온천동,,1114-3,,,,1141994.8891,1691995.2603
202009241402,,,,부산,부산광역시,동래구,온천동,,1114-3,,,,1141990.5434,1692005.2877
202009241403,,,,부산,부산광역시,동래구,온천동,,1114-3,,,,1141993.4505,1691999.8972
202009241408,,,,부산,부산광역시,동래구,온천동,,1114-3,,,,1141990.5835,1692002.7367
202009241409,,,,부산,부산광역시,동래구,온천동,,1114-3,,,,1141994.7706,1692002.8024
202009241409,,,,부산,부산광역시,동래구,온천동,,1114-3,,,,1141996.1883,1691999.4964
202009241410,,,,부산,부산광역시,동래구,온천동,,1114-3,,,,1141994.7428,1692004.5771
202009241411,,,,부산,부산광역시,동래구,온천동,,1114-3,,,,1141996.1813,1691999.9401
202009241407,,,,부산,부산광역시,동래구,온천동,,1114-3,,,,1141994.809,1692000.3623
202006080932,,,,부산,부산광역시,북구,금곡동,,산3-1,,,,1140307.0804,1698539.2839
202006091041,,,,부산,부산광역시,북구,금곡동,,산79-2,,,,1138550.8056,1697493.7396
202012221027,,,,부산,부산광역시,북구,만덕동,,산36,,,,1140593.4489,1692424.8883
202012221027,,,,부산,부산광역시,북구,만덕동,,산36,,,,1140593.4489,1692424.8883
202012221025,,,,부산,부산광역시,북구,만덕동,,산36,,,,1140646.8721,1692414.4033
202012220928,,,,부산,부산광역시,북구,만덕동,,산67-1,,,,1140838.6862,1692373.1226
202101161756,,,,부산,부산광역시,북구,구포동,,산48-86,,,,1138034.9017,1689924.613
202009220804,,,,부산,부산광역시,해운대구,반송동,,365-18,,,,1150211.358,1694123.3907
202012091353,,,,부산,부산광역시,해운대구,중동,,산42-25,,,,1153137.2412,1685874.7387
202012091328,,,,부산,부산광역시,해운대구,중동,,산42-7,,,,1153223.7584,1685865.5233
202012151843,,,,부산,부산광역시,해운대구,반여동,,산33-6,,,,1149229.3942,1692050.3056
202101040821,,,,부산,부산광역시,해운대구,중동,,1378-95,,,,1151513.5941,1686574.693
202101181733,,,,부산,부산광역시,해운대구,중동,,1394-84,,,,1151377.4134,1686573.0819
202004241643,,,,부산,부산광역시,사하구,장림동,,산163,,,,1133678.1067,1676738.0091
202006070841,,,,부산,부산광역시,사하구,다대동,,산38-1,,,,1133468.6873,1675435.7941
202011081830,,,,부산,부산광역시,사하구,장림동,,산84,,,,1133868.6929,1676869.003
202011081830,,,,부산,부산광역시,사하구,장림동,,629,,,,1133796.9049,1676910.3155
202011081830,,,,부산,부산광역시,사하구,장림동,,630-9,,,,1133797.4929,1676912.7942
202012181420,,,,부산,부산광역시,사하구,괴정동,,산63-1,,,,1137123.2433,1679343.233
202012241613,,,,부산,부산광역시,사하구,장림동,,산164,,,,1133735.3356,1676739.9554
202012241554,,,,부산,부산광역시,사하구,장림동,,산164,,,,1133733.6725,1676657.7753
202004081714,,,,부산,부산광역시,금정구,금성동,,산1-1,,,,1140856.0744,1698798.366
202005281137,,,,부산,부산광역시,금정구,두구동,,산20-3,,,,1147306.8193,1700472.8473
202011121046,,,,부산,부산광역시,금정구,오륜동,,산117-2,,,,1146666.8913,1696208.4007
202012130419,,,,부산,부산광역시,금정구,금성동,,산69-4,,,,1140705.1118,1694029.8498
202101191431,,,,부산,부산광역시,금정구,선동,,산128-1,,,,1145195.9753,1698202.1465
202012231336,,,,부산,부산광역시,연제구,거제동,,1312,,,,1141812.5096,1689434.4307
202012231337,,,,부산,부산광역시,연제구,거제동,,1312,,,,1141804.7059,1689438.4133
202012231338,,,,부산,부산광역시,연제구,거제동,,1312,,,,1141812.5009,1689434.9853
202012231338,,,,부산,부산광역시,연제구,거제동,,1312,,,,1141819.2395,1689411.7934
202012231339,,,,부산,부산광역시,연제구,거제동,,1312,,,,1141812.4835,1689436.0945
202012231339,,,,부산,부산광역시,연제구,거제동,,1427-30,,,,1141822.3049,1689437.025
202012231339,,,,부산,부산광역시,연제구,거제동,,1312,,,,1141814.8978,1689433.1369
202012231340,,,,부산,부산광역시,연제구,거제동,,1427-30,,,,1141828.0533,1689436.3385
202012231340,,,,부산,부산광역시,연제구,거제동,,1312,,,,1141827.8848,1689418.0306
202012231341,,,,부산,부산광역시,연제구,거제동,,1312,,,,1141814.8769,1689434.4678
202012231341,,,,부산,부산광역시,연제구,거제동,,1312,,,,1141818.4662,1689432.0834
202012231341,,,,부산,부산광역시,연제구,거제동,,1312,,,,1141820.084,1689416.0223
202012231342,,,,부산,부산광역시,연제구,거제동,,1312,,,,1141817.4396,1689427.8516
202012231342,,,,부산,부산광역시,연제구,거제동,,1312,,,,1141816.4248,1689434.4921
202012231342,,,,부산,부산광역시,연제구,거제동,,1312,,,,1141816.8627,1689435.6084
202012231342,,,,부산,부산광역시,연제구,거제동,,1312,,,,1141818.7182,1689416.0009
202012231343,,,,부산,부산광역시,연제구,거제동,,1427-30,,,,1141816.8331,1689437.4939
202012231343,,,,부산,부산광역시,연제구,거제동,,1312,,,,1141816.7151,1689415.9695
202012231343,,,,부산,부산광역시,연제구,거제동,,1312,,,,1141815.2852,1689437.4696
202012231343,,,,부산,부산광역시,연제구,거제동,,1312,,,,1141817.4778,1689425.4115
202012231344,,,,부산,부산광역시,연제구,거제동,,1312,,,,1141818.6052,1689423.2103
202012231344,,,,부산,부산광역시,연제구,거제동,,1312,,,,1141815.3148,1689435.5841
202012231346,,,,부산,부산광역시,연제구,거제동,,1312,,,,1141813.9786,1689433.6772
202012231346,,,,부산,부산광역시,연제구,거제동,,1312,,,,1141817.4778,1689425.4115
202012231346,,,,부산,부산광역시,연제구,거제동,,1312,,,,1141817.4778,1689425.4115
202012231346,,,,부산,부산광역시,연제구,거제동,,1312,,,,1141816.5551,1689426.1736
202012231348,,,,부산,부산광역시,연제구,거제동,,1312,,,,1141839.2708,1689412.1073
202012231349,,,,부산,부산광역시,연제구,거제동,,1312,,,,1141826.9952,1689416.6854
202012231347,,,,부산,부산광역시,연제구,거제동,,1312,,,,1141816.0999,1689426.1665
202012231348,,,,부산,부산광역시,연제구,거제동,,1312,,,,1141816.0912,1689426.721
202012231349,,,,부산,부산광역시,연제구,거제동,,1312,,,,1141824.4371,1689417.2
202012231340,,,,부산,부산광역시,연제구,거제동,,1312,,,,1141857.6883,1689416.6117
202012231340,,,,부산,부산광역시,연제구,거제동,,1312,,,,1141813.9873,1689433.1226
202012231343,,,,부산,부산광역시,연제구,거제동,,1312,,,,1141813.1786,1689420.7955
202012231344,,,,부산,부산광역시,연제구,거제동,,1312,,,,1141813.949,1689435.5627
202012231344,,,,부산,부산광역시,연제구,거제동,,1312,,,,1141816.6125,1689422.5134
202012231344,,,,부산,부산광역시,연제구,거제동,,1312,,,,1141819.1648,1689416.5626
202012231344,,,,부산,부산광역시,연제구,거제동,,1312,,,,1141819.1561,1689417.1172
202012231350,,,,부산,부산광역시,연제구,거제동,,1312,,,,1141844.3467,1689425.2779
202012231337,,,,부산,부산광역시,연제구,거제동,,1312,,,,1141850.5345,1689408.179
202012231339,,,,부산,부산광역시,연제구,거제동,,1312,,,,1141826.4663,1689415.5677
202012231345,,,,부산,부산광역시,연제구,거제동,,1312,,,,1141813.9577,1689435.0081
202012231347,,,,부산,부산광역시,연제구,거제동,,1312,,,,1141814.6094,1689422.482
202012231347,,,,부산,부산광역시,연제구,거제동,,1312,,,,1141816.0912,1689426.721
202005041340,,,,부산,부산광역시,수영구,광안동,,519-8,,,,1146279.1146,1686519.1608
202101100424,,,,부산,부산광역시,수영구,망미동,,산54-3,,,,1145759.3764,1688305.674
202101150916,,,,부산,부산광역시,수영구,광안동,,산63-2,,,,1146179.2909,1685433.1948
202003151004,,,,부산,부산광역시,기장군,철마면,고촌리,산67,,,,1151415.1308,1695608.334
202003151005,,,,부산,부산광역시,기장군,철마면,고촌리,418,,,,1151420.0147,1695604.7546
202003150901,,,,부산,부산광역시,기장군,철마면,고촌리,산54-2,,,,1151510.6952,1695580.4778
202003150901,,,,부산,부산광역시,기장군,철마면,고촌리,403-1,,,,1151334.3228,1695707.1266
202003171254,,,,부산,부산광역시,기장군,장안읍,덕선리,산22-1,,,,1156919.1915,1706407.8281
202004240934,,,,부산,부산광역시,기장군,기장읍,내리,701-93,,,,1153674.7892,1692850.2603
202005071552,,,,부산,부산광역시,기장군,정관읍,병산리,산94-14,,,,1154632.625,1707211.1505
202006081258,,,,부산,부산광역시,기장군,기장읍,내리,산49,,,,1154864.106,1692121.5979
202006091038,,,,부산,부산광역시,기장군,기장읍,내리,산49,,,,1155264.4755,1692600.2987
202012131443,,,,부산,부산광역시,기장군,철마면,안평리,77,,,,1153226.2364,1694909.7261
202012191525,,,,부산,부산광역시,기장군,철마면,고촌리,산95-51,,,,1151276.0326,1695136.9169
202012210926,,,,부산,부산광역시,기장군,철마면,구칠리,48-2,,,,1152102.8563,1697564.2582
202012210912,,,,부산,부산광역시,기장군,철마면,구칠리,329-1,,,,1151959.7577,1697490.1498
202101310951,,,,부산,부산광역시,동구,초량동,,산24-1,,,,1139650.8995,1682352.7527
202101300924,,,,부산,부산광역시,영도구,동삼동,,산149-5,,,,1141955.9647,1676314.9493
202102141005,,,,부산,부산광역시,영도구,동삼동,,산149-78,,,,1141764.035,1676264.4721
202103100738,,,,부산,부산광역시,부산진구,개금동,,60-1,,,,1139021.2916,1685792.7069
202104111732,,,,부산,부산광역시,부산진구,초읍동,,611-4,,,,1141268.9239,1687840.1498
202103060826,,,,부산,부산광역시,북구,금곡동,,1108,,,,1137809.8769,1696438.1937
202102061050,,,,부산,부산광역시,해운대구,우동,,1108-136,,,,1149431.5338,1687897.7399
202102161058,,,,부산,부산광역시,해운대구,반여동,,856,,,,1147977.2914,1691591.4947
202102281819,,,,부산,부산광역시,해운대구,반여동,,609-5,,,,1147095.6096,1691781.1368
202102281818,,,,부산,부산광역시,해운대구,반여동,,1542,,,,1147076.4918,1691696.9519
202101281217,,,,부산,부산광역시,사하구,다대동,,1-3,,,,1136024.0143,1674710.5533
202101291707,,,,부산,부산광역시,사하구,괴정동,,산59-1,,,,1137183.4512,1679647.4056
202101291709,,,,부산,부산광역시,사하구,괴정동,,산59-1,,,,1137185.382,1679646.3254
202104111308,,,,부산,부산광역시,사하구,신평동,,669,,,,1134385.4643,1678787.1928
202104161425,,,,부산,부산광역시,사하구,괴정동,,산114-1,,,,1134563.8165,1678970.9904
202102280943,,,,부산,부산광역시,금정구,금성동,,산61,,,,1141695.3815,1695394.6899
202103041622,,,,부산,부산광역시,금정구,청룡동,,9-1,,,,1144891.603,1698650.9045
202103041701,,,,부산,부산광역시,강서구,성북동,,782,,,,1121196.837,1674302.8365
202103141705,,,,부산,부산광역시,강서구,성북동,,673,,,,1121075.977,1674124.8527
202103141708,,,,부산,부산광역시,강서구,성북동,,674-1,,,,1121080.2858,1674116.3686
202103141701,,,,부산,부산광역시,강서구,성북동,,679-2,,,,1121107.7595,1674046.5176
202103101801,,,,부산,부산광역시,사상구,모라동,,산33,,,,1136598.2632,1688270.0273
202101290939,,,,부산,부산광역시,기장군,정관읍,용수리,699,,,,1152322.6909,1705047.383
202102100908,,,,부산,부산광역시,기장군,일광면,화전리,124-2,,,,1157588.3029,1699532.2422
202102190958,,,,부산,부산광역시,기장군,장안읍,좌동리,12,,,,1158532.4028,1704890.3002
202003212144,,,,부산,부산광역시,서구,서대신동3가,,산32-11,,,,1137107.076,1681497.0924
202003210802,,,,부산,부산광역시,서구,서대신동3가,,산61,,,,1137425.1327,1683135.5638
202004032128,,,,부산,부산광역시,서구,암남동,,470-6,,,,1137839.0725,1677000.9675
202104211041,,,,부산,부산광역시,영도구,동삼동,,산149-5,,,,1141902.9931,1677365.0441
202104211117,,,,부산,부산광역시,영도구,동삼동,,산149-1,,,,1141965.93,1677364.2522
202104230931,,,,부산,부산광역시,영도구,동삼동,,628-26,,,,1142021.9624,1676118.7315
202104230934,,,,부산,부산광역시,영도구,동삼동,,628-26,,,,1142001.6413,1676123.4062
202104230921,,,,부산,부산광역시,영도구,동삼동,,628-26,,,,1142021.3407,1676135.4625
202104230950,,,,부산,부산광역시,영도구,동삼동,,628-92,,,,1142012.1074,1676212.4316
202104230934,,,,부산,부산광역시,영도구,동삼동,,628-26,,,,1142001.6413,1676123.4062
202104230932,,,,부산,부산광역시,영도구,동삼동,,628-26,,,,1142001.6413,1676123.4062
202104230934,,,,부산,부산광역시,영도구,동삼동,,628-26,,,,1142001.6413,1676123.4062
202003211743,,,,부산,부산광역시,영도구,청학동,,산54-10,,,,1141790.0781,1677450.8702
202004051535,,,,부산,부산광역시,영도구,신선동3가,,산4-28,,,,1141358.5067,1677487.0169
202004051540,,,,부산,부산광역시,영도구,신선동2가,,183-1,,,,1141333.6046,1677901.9046
202005161428,,,,부산,부산광역시,영도구,신선동3가,,산4-30,,,,1141271.4633,1677468.4646
202005161428,,,,부산,부산광역시,영도구,신선동3가,,산4-30,,,,1141271.4633,1677468.4646
202005161428,,,,부산,부산광역시,영도구,신선동3가,,산4-30,,,,1141271.4633,1677468.4646
202003240641,,,,부산,부산광역시,부산진구,전포동,,산12,,,,1143219.5557,1686461.5185
202004112028,,,,부산,부산광역시,동래구,칠산동,,109-5,,,,1144933.2306,1690962.3034
202005062050,,,,부산,부산광역시,동래구,명장동,,29-51,,,,1145616.9352,1690981.8481
202003230201,,,,부산,부산광역시,남구,대연동,,1492-51,,,,1144847.7329,1684297.5713
202001151710,,,,부산,부산광역시,북구,화명동,,산282-1,,,,1138306.4164,1695406.1584
202002061708,,,,경남,경상남도,김해시,대동면,대감리,,,,,1138070.8688,1698641.5088
202104261335,,,,부산,부산광역시,해운대구,반여동,,1581,,,,1148406.3535,1690647.7274
202105021629,,,,부산,부산광역시,해운대구,우동,,산119-1,,,,1150422.269,1686598.3311
202105021634,,,,부산,부산광역시,해운대구,우동,,산119-1,,,,1150423.9517,1686601.2436
202002201745,,,,부산,부산광역시,해운대구,좌동,,산1-1,,,,1151291.5489,1691161.1584
202002281401,,,,부산,부산광역시,해운대구,우동,,1104-1,,,,1149137.7422,1688170.7445
202004230912,,,,부산,부산광역시,해운대구,반송동,,산51-125,,,,1150509.5598,1691469.9181
202004302335,,,,부산,부산광역시,해운대구,반여동,,산4-18,,,,1149691.4044,1689954.9203
202005021122,,,,부산,부산광역시,해운대구,중동,,1490-2,,,,1153220.5398,1686020.4488
202003201443,,,,부산,부산광역시,사하구,다대동,,1548-11,,,,1133546.2002,1673753.3529
202004241643,,,,부산,부산광역시,사하구,장림동,,산163,,,,1133678.1066,1676738.009
202105131720,,,,부산,부산광역시,금정구,남산동,,1003,,,,1144316.0694,1698524.301
202001191057,,,,부산,부산광역시,금정구,부곡동,,산13-7,,,,1145854.7548,1695140.2519
202004081714,,,,부산,부산광역시,금정구,금성동,,산1-1,,,,1140856.0744,1698798.3659
202005141903,,,,부산,부산광역시,강서구,녹산동,,1273-1,,,,1127313.3876,1681459.3389
202003251226,,,,부산,부산광역시,사상구,모라동,,1249,,,,1137164.4846,1688343.9204
202004251611,,,,부산,부산광역시,사상구,학장동,,155,,,,1136445.9839,1682995.5665
202004302112,,,,부산,부산광역시,사상구,학장동,,산161,,,,1135410.6462,1683010.7636
202005211004,,,,부산,부산광역시,사상구,학장동,,64,,,,1136513.7278,1683151.1377
202104181241,,,,부산,부산광역시,기장군,일광면,화전리,147-1,,,,1157538.5047,1699294.3785
202104181241,,,,부산,부산광역시,기장군,일광면,화전리,147-1,,,,1157538.5047,1699294.3785
202002152030,,,,,,,,,산36-2,,,,1153130.1949,1707551.3127
202002241713,,,,,,,,,228-1,,,,1149033.7849,1707394.1154
202002250737,,,,,,,,,228-1,,,,1149033.7798,1707393.1161
202002281453,,,,부산,부산광역시,기장군,장안읍,길천리,411-2,,,,1162569.5007,1706339.3064
202003031849,,,,부산,부산광역시,기장군,철마면,임기리,445-4,,,,1147605.5159,1703813.4072
202003150901,,,,부산,부산광역시,기장군,철마면,고촌리,산51,,,,1151510.6951,1695580.4777
202003171254,,,,부산,부산광역시,기장군,장안읍,덕선리,산22-1,,,,1156919.1915,1706407.8281
202005011932,,,,부산,부산광역시,기장군,장안읍,덕선리,912-1,,,,1156292.1765,1705342.624
202005071547,,,,,,,,,산94-14,,,,1154621.6619,1707222.9641
202005081935,,,,,,,,,산103-1,,,,1149493.4873,1707783.5653
202005100918,,,,부산,부산광역시,기장군,일광면,용천리,939,,,,1154668.0072,1699576.213
202005211713,,,,부산,부산광역시,기장군,장안읍,좌동리,산2-5,,,,1159116.7473,1705785.0876
202011111108,,,,부산,부산광역시,서구,서대신동3가,,산60,,,,1137578.9661,1683119.7992
202010141845,,,,부산,부산광역시,동구,범일동,,산65-143,,,,1140924.0377,1684308.3001
202105221621,,,,부산,부산광역시,동구,초량동,,산25-1,,,,1139623.5052,1682463.8927
202012150956,,,,부산,부산광역시,영도구,신선동3가,,산5,,,,1141279.905,1677557.3714
202104230921,,,,부산,부산광역시,영도구,동삼동,,628-26,,,,1142021.3407,1676135.4624
202105080722,,,,부산,부산광역시,부산진구,전포동,,산103-3,,,,1142972.1658,1686355.824
202105192231,,,,부산,부산광역시,부산진구,개금동,,산11-1,,,,1138590.4879,1686319.8928
202105231617,,,,부산,부산광역시,부산진구,양정동,,산73-28,,,,1142161.7755,1688172.8612
202006071325,,,,부산,부산광역시,동래구,온천동,,1702,,,,1142043.7741,1691733.4167
202012241327,,,,부산,부산광역시,동래구,온천동,,1108-23,,,,1142407.5304,1692123.3607
202103110910,,,,부산,부산광역시,동래구,온천동,,산131-1,,,,1142975.6803,1692813.1025
202105021931,,,,부산,부산광역시,동래구,온천동,,산101,,,,1142176.4305,1692871.0969
202105132002,,,,부산,부산광역시,동래구,온천동,,산102,,,,1142237.0719,1692806.8281
202005250742,,,,부산,부산광역시,북구,구포동,,산48-6,,,,1136801.8936,1689576.0475
202006080932,,,,부산,부산광역시,북구,금곡동,,산3-1,,,,1140307.0804,1698539.2839
202006091034,,,,부산,부산광역시,북구,금곡동,,산79-2,,,,1138540.8115,1697493.79
202006091041,,,,부산,부산광역시,북구,금곡동,,49,,,,1138550.8056,1697493.7396
202010192118,,,,부산,부산광역시,북구,화명동,,103,,,,1139698.8896,1696053.7685
202010221041,,,,부산,부산광역시,북구,금곡동,,810,,,,1137813.7646,1696807.8468
202012220928,,,,부산,부산광역시,북구,만덕동,,산67-1,,,,1140838.6862,1692373.1226
202105181629,,,,부산,부산광역시,북구,덕천동,,산30-1,,,,1138201.2937,1692195.5125
202008242216,,,,부산,부산광역시,해운대구,반여동,,산4-13,,,,1149733.0033,1690078.6389
202012091328,,,,부산,부산광역시,해운대구,중동,,산42-25,,,,1153223.7583,1685865.5232
202012151744,,,,부산,부산광역시,해운대구,반여동,,산5-10,,,,1149392.2347,1691673.429
202102281805,,,,부산,부산광역시,해운대구,반여동,,산335,,,,1147026.154,1691782.2867
202104111915,,,,부산,부산광역시,해운대구,우동,,산148-74,,,,1149867.9047,1687691.3474
202104131507,,,,부산,부산광역시,해운대구,반여동,,산4-20,,,,1149805.3353,1689954.3469
202105021607,,,,부산,부산광역시,해운대구,우동,,산126-5,,,,1150448.646,1686316.2245
202006070841,,,,부산,부산광역시,사하구,다대동,,산38-1,,,,1133468.6873,1675435.7941
202006271731,,,,부산,부산광역시,사하구,다대동,,산13-1,,,,1134618.1238,1675651.9025
202006271731,,,,부산,부산광역시,사하구,다대동,,산13-1,,,,1134618.1238,1675651.9025
202006271731,,,,부산,부산광역시,사하구,다대동,,산13-1,,,,1134618.1238,1675651.9025
202006271731,,,,부산,부산광역시,사하구,다대동,,산13-1,,,,1134618.1238,1675651.9025
202009031411,,,,부산,부산광역시,사하구,괴정동,,100-19,,,,1137281.1319,1680134.9905
202011081830,,,,부산,부산광역시,사하구,장림동,,629,,,,1133796.9048,1676910.3154
202012181420,,,,부산,부산광역시,사하구,괴정동,,산63-1,,,,1137123.2433,1679343.233
202012241554,,,,부산,부산광역시,사하구,장림동,,산164,,,,1133733.6725,1676657.7753
202101291650,,,,부산,부산광역시,사하구,괴정동,,산47-2,,,,1137249.9659,1679700.3937
202102031902,,,,부산,부산광역시,사하구,다대동,,산13-19,,,,1134602.4391,1675712.9467
202102271726,,,,부산,부산광역시,사하구,괴정동,,795-43,,,,1135769.7222,1679484.9528
202103111745,,,,부산,부산광역시,사하구,신평동,,산33,,,,1135173.2707,1678332.6007
202105091045,,,,부산,부산광역시,사하구,신평동,,566-39,,,,1135011.9102,1678043.5744
202005281137,,,,부산,부산광역시,금정구,두구동,,산20-3,,,,1147306.8193,1700472.8473
202006030636,,,,부산,부산광역시,금정구,금성동,,산1-1,,,,1141653.0778,1698889.2923
202007082033,,,,부산,부산광역시,금정구,남산동,,907-3,,,,1143935.6269,1698068.246
202010211000,,,,부산,부산광역시,금정구,금성동,,산69-4,,,,1140823.2909,1694673.8863
202011121034,,,,부산,부산광역시,금정구,선동,,557-7,,,,1147026.2077,1699328.9248
202012130419,,,,부산,부산광역시,금정구,금성동,,산69-4,,,,1140705.1118,1694029.8497
202101051857,,,,부산,부산광역시,금정구,금성동,,산69,,,,1141828.5924,1694450.9458
202101170900,,,,부산,부산광역시,금정구,금성동,,산69-8,,,,1141661.6392,1693846.1334
202006172100,,,,부산,부산광역시,강서구,지사동,,478,,,,1121551.8331,1683500.1745
202101061705,,,,부산,부산광역시,강서구,범방동,,산49-2,,,,1124883.0319,1686091.9901
202103231344,,,,부산,부산광역시,강서구,미음동,,1659,,,,1125236.1951,1684175.2747
202104221231,,,,부산,부산광역시,강서구,대항동,,산31,,,,1121102.1962,1669580.0827
202105091429,,,,부산,부산광역시,강서구,녹산동,,산2-5,,,,1127229.8071,1682130.3858
202105181715,,,,부산,부산광역시,강서구,성북동,,산296,,,,1120419.0616,1674263.9368
202105221619,,,,부산,부산광역시,강서구,녹산동,,884,,,,1124752.1112,1680723.6191
202009112020,,,,부산,부산광역시,수영구,광안동,,967-1,,,,1146417.1787,1686951.1447
202101100424,,,,부산,부산광역시,수영구,망미동,,산54-3,,,,1145759.3764,1688305.674
202101141623,,,,부산,부산광역시,사상구,주례동,,1240,,,,1137307.8265,1686242.3909
202006050954,,,,부산,부산광역시,기장군,철마면,와여리,산104,,,,1149824.7708,1699563.6648
202006081258,,,,부산,부산광역시,기장군,기장읍,내리,산52-1,,,,1154872.7211,1692206.504
202006091038,,,,부산,부산광역시,기장군,기장읍,내리,474-6,,,,1155264.4755,1692600.2987
202006241233,,,,,,,,,산32,,,,1155315.5956,1703134.8553
202006300348,,,,,,,,,836-18,,,,1154620.9884,1704517.5533
202007080525,,,,부산,부산광역시,기장군,철마면,이곡리,산80-1,,,,1153616.2151,1699693.453
202010102228,,,,부산,부산광역시,기장군,기장읍,죽성리,774-3,,,,1158177.7066,1696358.3984
202010171003,,,,부산,부산광역시,기장군,장안읍,좌동리,산64-9,,,,1158754.512,1703519.2572
202010251440,,,,부산,부산광역시,기장군,철마면,장전리,산180-124,,,,1149391.3166,1696450.6597
202010261706,,,,부산,부산광역시,기장군,기장읍,교리,산4,,,,1156025.5766,1697270.7166
202011040949,,,,부산,부산광역시,기장군,장안읍,좌동리,49-6,,,,1158396.3778,1705232.0551
202011111704,,,,부산,부산광역시,기장군,장안읍,명례리,산14-1,,,,1160362.9515,1710914.7494
202012051422,,,,부산,부산광역시,기장군,철마면,구칠리,47,,,,1152132.3681,1697570.1815
202012162027,,,,부산,부산광역시,기장군,장안읍,좌동리,3,,,,1158904.5952,1705730.1924
202012201810,,,,부산,부산광역시,기장군,일광면,용천리,산257,,,,1155087.0118,1699823.9528
202012220724,,,,부산,부산광역시,기장군,일광면,원리,761-10,,,,1157387.9518,1702456.7869
202012241050,,,,부산,부산광역시,기장군,철마면,안평리,산104,,,,1152079.5741,1694432.2792
202012291340,,,,부산,부산광역시,기장군,기장읍,시랑리,416-38,,,,1156819.994,1689510.2801
202101040911,,,,부산,부산광역시,기장군,일광면,용천리,산76-4,,,,1155065.1764,1702032.7669
202101171255,,,,부산,부산광역시,기장군,장안읍,월내리,산3-2,,,,1161130.5888,1705791.9049
202101211530,,,,,,,,,340,,,,1148634.9144,1708758.3416
202101211534,,,,경남,경상남도,양산시,평산동,,1-1,,,,1148628.9281,1708760.3707
202102172014,,,,부산,부산광역시,기장군,철마면,안평리,362-3,,,,1152548.8009,1695523.2763
202102230933,,,,,,,,,1112-1,,,,1154346.4198,1703779.3731
202103010759,,,,부산,부산광역시,기장군,철마면,백길리,159,,,,1150537.6687,1700021.8002
202103151949,,,,경남,경상남도,양산시,삼호동,,산71-3,,,,1154405.0679,1711627.4789
202104250912,,,,부산,부산광역시,기장군,일광면,횡계리,산28-1,,,,1156102.6508,1698483.6145
202104260649,,,,경남,경상남도,양산시,동면,여락리,39,,,,1147407.6976,1703034.8567
202104260701,,,,부산,부산광역시,기장군,철마면,임기리,74,,,,1149248.0821,1704707.5906
202105060935,,,,경남,경상남도,양산시,동면,법기리,,,,,1148744.6054,1706929.8465
202105060939,,,,,,,,,산43-1,,,,1148742.6066,1706929.8566
